foodId,label,category,foodContentsLabel,image
food_a656mk2a5dmqb2adiamu6beihduu,Champagne,Generic foods,,https://www.edamam.com/food-img/a71/a718cf3c52add522128929f1f324d2ab.jpg
food_b753ithamdb8psbt0w2k9aquo06c,"Champagne Vinaigrette, Champagne",Packaged foods,OLIVE OIL; BALSAMIC VINEGAR; CHAMPAGNE VINEGAR; GARLIC; DIJON MUSTARD; SEA SALT.,
food_b3dyababjo54xobm6r8jzbghjgqe,"Champagne Vinaigrette, Champagne",Packaged foods,INGREDIENTS: WATER; CANOLA OIL; CHAMPAGNE VINEGAR; SUGAR; OLIVE OIL; SALT; DRIED GARLIC; DRED SHALLOTS; BLACK PEPPER; XANTHAN GUM; SPICE,https://www.edamam.com/food-img/d88/d88b64d97349ed062368972113124e35.jpg
food_a9e0ghsamvoc45bwa2ybsa3gken9,"Champagne Vinaigrette, Champagne",Packaged foods,CANOLA AND SOYBEAN OIL; WHITE WINE (CONTAINS SULFITES); WATER; VINEGARS (CHAMPAGNE AND WHITE WINE); SUGAR; SALT; MUSTARD SEED; MONOSODIUM GLUTAMATE; GARLIC*; ONION*; SPICE; XANTHAN GUM; MOLASSES; CALCIUM DISODIUM EDTA ADDED TO PROTECT FLAVOR; CHIVES*; TAMARIND; NATURAL FLAVOR.,
food_an4jjueaucpus2a3u1ni8auhe7q9,"Champagne Vinaigrette, Champagne",Packaged foods,WATER; CANOLA AND SOYBEAN OIL; WHITE WINE (CONTAINS SULFITES); VINEGARS (CHAMPAGNE AND WHITE WINE); SUGAR; SALT; MUSTARD SEED; MONOSODIUM GLUTAMATE; GARLIC*; ONION*; SPICE; XANTHAN GUM; POTASSIUM SORBATE ADDED TO MAINTAIN FRESHNESS; MOLASSES; CALCIUM DISODIUM EDTA ADDED TO PROTECT FLAVOR; CHIVES*; TAMARIND.,
food_bmu5dmkazwuvpaa5prh1daa8jxs0,"Champagne Dressing, Champagne",Packaged foods,SOYBEAN OIL; WHITE WINE (PRESERVED WITH SULFITES); WATER; WHITE WINE VINEGAR; SUGAR; SALT; SPICES (INCLUDING MUSTARD SEED); MONOSODIUM GLUTAMATE; GARLIC*; ONION*; XANTHAN GUM; MOLASSES; CALCIUM DISODIUM EDTA ADDED TO PROTECT FLAVOR; VINEGAR; CORN SYRUP; CARAMEL COLOR; CHIVES*; NATURAL FLAVOR; TAMARIND.,https://www.edamam.com/food-img/ab2/ab2459fc2a98cd35f68b848be2337ecb.jpg
food_alpl44taoyv11ra0lic1qa8xculi,Champagne Buttercream,Generic meals,sugar; butter; shortening; vanilla; champagne; milk,
food_byap67hab6evc3a0f9w1oag3s0qf,Champagne Sorbet,Generic meals,Sugar; Lemon juice; brandy; Champagne; Peach,
food_am5egz6aq3fpjlaf8xpkdbc2asis,Champagne Truffles,Generic meals,butter; cocoa; sweetened condensed milk; vanilla extract; champagne; powdered sugar,
food_bcz8rhiajk1fuva0vkfmeakbouc0,Champagne Vinaigrette,Generic meals,champagne vinegar; olive oil; Dijon mustard; shallot; honey; Salt; pepper,
food_a79xmnya6togreaeukbroa0thhh0,Champagne Chicken,Generic meals,"Flour; Salt; Pepper; Boneless, Skinless Chicken Breasts; Butter; Olive Oil; Champagne; Mushrooms; Heavy Whipping Cream",
food_aoxaf73b3o0igebpj6wjga6kqhco,Strawberry Champagne,Generic meals,Champagne; Strawberries,
food_ax1n26waalpd9cbc64bjob7pw6hg,Champagne Jelly,Generic meals,Champagne; gelatine; caster sugar; blueberries,
food_b4va8u0bb6pf74akh2rtcb3llna9,Champagne Punch,Generic meals,champagne; simple syrup; orange juice; blueberries; raspberries; orange; ice,
food_a4j8wm8ayflf13b45t3c3bk9w4ek,Champagne Sangria,Generic meals,mint leaves; Champagne; orange juice; lemon; lime; strawberries; ice; sugar,
food_bw7gtgxbnn7nbwa62ppwpar9ljc1,"Champagne Cotton Candy, Champagne",Packaged foods,SUGAR; ARTIFICIAL & NATURAL FLAVOR.,
food_bu12urpbtuo9v6b4jpvk2a1fh4hh,"Champagne Simply Dressed Vinaigrette, Champagne",Packaged foods,FILTERED WATER; CANOLA OIL; CHAMPAGNE AND WHITE WINE VINEGARS; CANE SUGAR; EXTRA VIRGIN OLIVE OIL; SALT; NATURAL FLAVOR; GARLIC*; SPICE; XANTHAN GUM; BELL PEPPER*.,https://www.edamam.com/food-img/736/736a3e27a63d799d4073d2774075b509.png
food_bba727vaimolf0b8stgoibx7ujei,Champagne Cake,Generic meals,flour; baking powder; salt; butter; sugar; eggs; vanilla extract; champagne; powdered sugar,
food_a6mj2obbqy38soat01vrxaqnvvet,Champagne Cupcakes,Generic meals,butter; sugar; eggs; champagne; plain yogurt; flour; baking powder; salt; powdered sugar,
food_aj3tbbpbl068bhagn76uubtzyzyv,Champagne Vinegar,Packaged foods,CALIFORNIA CHAMPAGNE WINE VINEGAR; FRESH TARRAGON.,
food_alhr8gebycc7hpaqsgbepbd3ee56,Mock Champagne,Generic meals,Ginger Ale; Pineapple Juice; Grape Juice,
food_bw7gtgxbnn7nbwa62ppwpar9ljc1,"Champagne Cotton Candy, Champagne",Packaged foods,SUGAR; ARTIFICIAL & NATURAL FLAVOR.,
food_bu12urpbtuo9v6b4jpvk2a1fh4hh,"Champagne Simply Dressed Vinaigrette, Champagne",Packaged foods,FILTERED WATER; CANOLA OIL; CHAMPAGNE AND WHITE WINE VINEGARS; CANE SUGAR; EXTRA VIRGIN OLIVE OIL; SALT; NATURAL FLAVOR; GARLIC*; SPICE; XANTHAN GUM; BELL PEPPER*.,https://www.edamam.com/food-img/736/736a3e27a63d799d4073d2774075b509.png
food_anrtk55a3aac9uactv3wlanz1m02,Champagne Cocktail,Generic meals,granulated sugar; bitters; white wine; lemon zest,
food_bn5z4vraxn7fygbgnnvo2b8znzlo,Champagne Mojitos,Generic meals,mint leaves; thai basil; sugar; limes; rum; cava,
food_ae2tdo7br8zgwba9qnmlzbjoqnsw,Champagne Oranges,Generic meals,orange marmalade; sugar; navel oranges; grape juice; almonds; mint,
food_aollv8iaefkxkyafd4k1cbbiqyjx,Champagne Risotto,Generic meals,Chicken stock; shallots; garlic; unsalted butter; olive oil; Arborio rice; sparkling wine; Parmesan; heavy cream; ground pepper; sea salt; truffle; oil,
food_aok8zwdag4ln4qb7y5wwnajrjonf,Pomegranate Champagne Cocktail,Generic meals,pomegranate; pomegranate juice; champagne; mint,
food_arm45f0b83ph5jalnz7e1ao3xb34,Strawberry Champagne Punch,Generic meals,champagne; ginger ale; frozen strawberries,
food_bw6h0jcafh4z10bq31ikqbe2lyax,Raspberry Champagne Cocktail,Generic meals,Mint; Raspberries; Ginger ale; champagne; Rum,
food_bdm6lslbci26h1a6g1htpasvsibs,Peach Champagne Punch,Generic meals,club soda; champagne; peach brandy; peaches,
food_b3eibswalkijvwa4sk5t5aoop5q9,Champagne Vinaigrette,Fast foods,,
food_byygxo3acjnmqgb4z7wboby53zqb,Champagne Vinaigrette,Fast foods,,
food_abm2h3wa7igqm2as31icebhn3wr4,Champagne and Raspberry Jellies,Generic meals,sugar; Orange juice; gelatin; Champagne; Raspberries; Lemon balm,
food_ao46dlja1e81j4b12kru1bbd5gtz,Watermelon-Champagne Cocktail,Generic meals,seedless watermelon; mint leaves; vodka; triple sec; lime juice; champagne,
food_aj3tbbpbl068bhagn76uubtzyzyv,Champagne Vinegar,Packaged foods,CALIFORNIA CHAMPAGNE WINE VINEGAR; FRESH TARRAGON.,
food_a4qy9wmaskw2ygaf4d2mjbsoolqa,Strawberry Champagne Cupcakes,Generic meals,Butter; Sugar; All-purpose Flour; Baking Soda; Salt; Champagne; Egg Whites; Strawberries; Powdered Sugar; Whipping Cream,
food_bywvoj9av4e6peayrxpifaazavv5,Champagne Jello Shots,Generic meals,champagne; gelatin; sugar,
food_b48c55sagj89z4afsne5dar76h4x,Champagne Vinegar,Packaged foods,CHAMPAGNE VINEGAR DILUTED WITH WATER TO 7% ACIDITY (70 GRAIN); POTASSIUM METABISULFITE (PRESERVATIVE).,https://www.edamam.com/food-img/ad8/ad8c8d6ba8216b73e2998d94959b25a9.jpg
food_af2c35yauxk340avrzzcibw3r7ml,Sensual Chicken With Champagne,Generic meals,chicken breasts; tomato paste; fresh thyme; parsley; olive oil; champagne; salt; sweet onion; button mushrooms; baby carrots; garlic; sweet paprika; flour,
food_b82imswbu3swh4aq7l2axawx9p2c,Cranberry Champagne Cocktail,Generic meals,champagne; cranberry juice; liqueur,
food_agouninac32hqvautadshbgtplsu,"Champagne Organic Wine Vinegar, Champagne",Packaged foods,ORGANIC VINEGAR.,
food_bezuaena0318aba7wbgadb62jetf,Champagne Shrimp and Pasta,Generic meals,angel hair pasta; extra virgin olive oil; mushrooms; shrimp; champagne; salt; shallots; plum tomatoes; heavy cream; dried parsley; garlic; capers; parmesan cheese,
food_ar1bfijb7vp3srbs0oun8bir0onc,Pink Champagne Cupcakes,Generic meals,unsalted butter; white sugar; eggs; plain greek yogurt; vanilla extract; all-purpose flour; baking powder; baking soda; salt; champagne; powdered sugar; food coloring,
food_amn1r16ayshhcubjvagdlbspqq0a,Pomegranate Champagne Punch,Generic meals,pomegranate juice; pear nectar; liqueur; Champagne,
food_b4p9x04babtn71buqcrn8ap8nld8,Strawberry Champagne Cocktail,Generic meals,strawberry; vanilla extract; lemon juice; sugar; champagne,
food_asi64hyamebk2sa07yp29a0vpwob,Champagne Vinaigrette,Packaged foods,WATER; SOY BEAN OIL; COOKING CHAMPAGNE WINE (CONTAINS SULFITES); CHAMPAGNE VINEGAR; HONEY; SUGAR; EXTRA VIRGIN OLIVE OIL; CONTAINS LESS THAN 2% SALT; DIJON MUSTARD (WATER; MUSTARD SEED DISTILLED VINEGAR; SALT; WHITE WINE; CITRIC ACID; TARTARIC ACID; AND SPICES); ORANGE JUICE CONCENTRATE; SPICE; XANTHAN GUM; POTASSIUM SORBATE (PRESERVATIVE); BETA-CAROTENE (COLOR).,
food_bc2y7xdavl3xqjbg5vjqxa4r9zvg,Champagne Vinaigrette,Fast foods,,
food_b8xgvtwbnkrgurbkk47dwbezyil3,Champagne Vinaigrette,Fast foods,,
food_bd062fla4yotnubcjwyskanf5a7x,Lemon Champagne Cocktail,Generic meals,champagne; Twist of lemon; granulated sugar; lemon juice,
food_al1e1oja7k0xqjbeaemrqa9lbtyk,Champagne Vinegar,Packaged foods,CHAMPAGNE VINEGAR; WATER.,
food_bb0nrsgbser5g4ac2enxib1deyh8,Champagne Mustard,Packaged foods,DIJON MUSTARD (VINEGAR; WATER; MUSTARD SEED; SALT; WHITE WINE; CITRIC ACID; TARTARIC ACID; SPICES); HONEY; PURE CANE SUGAR; MAPLE SYRUP; CHAMPAGNE; CURRY POWDER; SPICES.,https://www.edamam.com/food-img/775/775b39c0b0da1f6c74996da8fa258cdd.jpg
food_b1gkvtpaf5vo0iapz7w9vb4yo0eh,Berries in Champagne Jelly,Generic meals,gelatin; water; sugar; Champagne; grape juice; raspberries; fresh blueberries; blackberries,
food_bsad4slatcovbzbd76pi1a8n8c4i,Strawberry and Champagne Ice,Generic meals,sugar; water; strawberries; light corn syrup; lemon juice; vanilla extract; Champagne; mint,
food_b1btqlma8hwe24a0glfrjad5z56e,Pink Champagne Cake,Generic meals,white cake mix; champagne; vegetable oil; eggs; food coloring; vanilla extract; butter; powdered sugar,
food_bl0nzo3am47xzcbnqs1aladohgoy,Raspberry Champagne Cupcakes,Generic meals,baking soda; salt; champagne; eggs; flour; baking powder; sour cream; butter; sugar; heavy cream; raspberry jam; powdered sugar,
food_ax8pkydaq1xobwbr7tu4rb1qg0hi,"Chocolates, Champagne",Packaged foods,INGREDIENTS CONSIST OF MILK CHOCOLATE {SUGAR; WHOLE MILK; COCOA BUTTER; CHOCOLATE; SOY LECITHIN (AN EMULSIFIER); VANILLIN (AN ARTIFICIAL FLAVOR)}; SUGAR; INVERT SUGAR; NATURAL CHAMPAGNE FLAVOR; SALT; INVERTASE (AN ENZYME); NATURAL FLAVOR; FD&C COLOR (YELLOW #5) AND SODIUM BENZOATE (PRESERVATIVE).,
food_arm1rlyb5v81v6arurmjqb6xiy9t,"Light Champagne Dressing, Light Champagne",Packaged foods,WATER; SOYBEAN OIL; WHITE WINE (PRESERVED WITH SULFITES); WHITE WINE VINEGAR; SALT; SUGAR; SPICES (INCLUDING MUSTARD SEED); MONOSODIUM GLUTAMATE; GARLIC*; ONION*; XANTHAN GUM; SODIUM BENZOATE AND POTASSIUM SORBATE ADDED AS PRESERVATIVES; MOLASSES; CALCIUM DISODIUM EDTA ADDED TO PROTECT FLAVOR; VINEGAR; CORN SYRUP; CARAMEL COLOR; CHIVES*; TAMARIND; NATURAL FLAVORS.,https://www.edamam.com/food-img/ee0/ee0475f45bf2e9ac0777092afd7497ae.jpg
food_bzis50ravf32wxazm93eqa8wt2vt,"Strawberry Champagne Flavored Vinaigrette, Strawberry Champagne",Packaged foods,INGREDIENTS: WATER CANOLA OIL; CHAMPAGNE VINEGAR; STRAWBERRY PUREE; CANE SUGAR EXTRA VIRGIN OLIVE OIL; SEA SALT; LEMON JUICE CONCENTRATE; ONION POWDER; GARLIC POWDER; NATURAL STRAWBERRY FLAVOR; FRUIT AND VEGETABLE JUICES (FOR COLOR); XANTHAN GUM.,
food_bzb3i0lbxkz4nnbv10dsladd965e,Inglenook  Champagne,Packaged foods,Dealcoholized Champagne; Water; Grape Juice Concentrate; Carbon Dioxide; Citric Acid; Potassium Benzoate; And Sulfur Dioxide; To Preserve Freshness,https://www.edamam.com/food-img/cb3/cb33b008dbd043800eadebc05310ea1a.jpg
food_bfcoawybqkrmrwad7nh90b5qohcy,Champagne Truffles,Packaged foods,DARK CHOCOLATE (SUGAR; CHOCOLATE LIQUOR PROCESSED WITH ALKALI; COCOA BUTTER; MILK FAT; SOY LECITHIN [EMULSIFIER]; NATURAL FLAVOR); WHITE CHOCOLATE (SUGAR; COCOA BUTTER; CHOCOLATE LIQUOR PROCESSED WITH ALKALI; COCOA BUTTER; MILK FAT; SOY LECITHIN [EMULSIFIER]; NATURAL FLAVOR); CREAM; CORN SYRUP; PALM OIL; INVERT SUGAR; CHAMPAGNE FLAVOR; RED 40 LAKE.,
food_a9ob0wubpy09wfazlw7ulaogfex3,Ginger Champagne Cocktail,Generic meals,water; sugar; ginger; vodka; lemon; candied ginger; sparkling wine,
food_aa6showa4xmkd6a7szhxtbvq3iax,Champagne Fruit Punch,Generic meals,oranges; figs; kiwi; dry white wine,
food_brtd7beak7p11iastcbh1a6wyz3q,Sherry or Champagne Vinegar,Generic foods,,https://www.edamam.com/food-img/5f6/5f69b84c399d778c4728e9ab4f8065a2.jpg
food_bnz9dkdb3w57d1a0i2931aawvf6z,Champagne Mix,Packaged foods,SUGAR; CORN SYRUP; NATURAL AND ARTIFICIAL FLAVOR; NATURAL PEPPERMINT OIL; NATURAL SPEARMINT OIL; SALT; TITANIUM DIOXIDE (FOR COLOR); ARTIFICIAL COLORS (RED 40; YELLOW 5; YELLOW 6; BLUE 1 AND RED 3).,
food_byl67wcbbfw82ua6j1n7oa6ago4a,Cola Champagne,Packaged foods,CARBONATED WATER; HIGH FRUCTOSE CORN SYRUP; ARTIFICIAL FLAVOR; FD&C YELLOW #6; FD&C YELLOW #5; CITRIC ACID.,https://www.edamam.com/food-img/f82/f82d164536a6df0792fddd9b1cb77f5e.jpg
food_b8hd68kblx0ovtbnf0elka54oogj,Cosmopolitan Champagne Cocktail,Generic meals,grand marnier; cranberry juice; lime juice; granulated sugar; sparkling wine,
food_a31qmvdbtiupa4brq19n7arj689p,Sparkling Champagne Cupcakes,Generic meals,butter; granulated sugar; eggs; vanilla; flour; baking soda; baking powder; salt; sour cream; sparkling wine; heavy cream; cornstarch; egg yolks; confectioners' sugar,
food_afyl89gbolcsknbnsqeqmbxmmgsp,Raspberry-Champagne Fizz,Generic meals,frozen raspberries; lemon juice; sugar; liqueur; vanilla ice cream; raspberries; sparkling wine,
food_bx41a5iaeyi8qdb0we6u3a8s78it,Champagne Poached Pears,Generic meals,orange; lemon rind; orange juice; sparkling wine; cinnamon stick; Bartlett pears; cloves,
food_bz5f0pcbp5bnaaat4grzwape8ba0,Strawberry Champagne Sorbet,Generic meals,Sugar; Strawberries; Lemon juice; Sparkling wine; Mint,
food_b3amnnhao9k4djba0154nbn4rquz,Cola Champagne,Packaged foods,CARBONATED WATER; HIGH FRUCTOSE CORN SYRUP; ARTIFICIAL FLAVOR; FD&C YELLOW #6; FD&C YELLOW #5; CITRIC ACID. ,
food_b3iaz2gav39j6abdpavjka0qgz2e,Cola Champagne,Packaged foods,CARBONATED WATER; HIGH FRUCTOSE CORN SYRUP; ARTIFICIAL FLAVOR; POTASSIUM BENZOATE (PRESERVATIVE); YELLOW #6; YELLOW #5.,https://www.edamam.com/food-img/b4b/b4b747a25b7f490f6894cb6693c5d4a5.jpg
food_bsbeowobyl44s5bdk7qntb4g39vv,Champagne Mix,Packaged foods,SUGAR; CORN SYRUP; CITRIC ACID; SALT; ARTIFICIAL AND NATURAL FLAVORS; NATURAL ANISE OIL; SWEETENED CONDENSED WHOLE MILK (WHOLE MILK; SUGAR); REDUCED MINERALS WHEY; PALM KERNEL OIL; BUTTER OIL; WHEY POWDER; SODIUM BICARBONATE; CHOCOLATE; COCOA POWDER; NATURAL PEPPERMINT OIL; MONO AND DIGLYCERIDES; HIGH FRUCTOSE CORN SYRUP; ARTIFICIAL COLORS (YELLOW 5; RED 40; BLUE 1; YELLOW 6 AND RED 3) AND SOY LECITHIN.,
food_b58idw8a2ci12racvoy9nao01puf,Grapes Champagne,Packaged foods,Grapes; Red Or Green; European Type; Such As Thompson Seedless; Raw,
food_bjdxlrvaogoliqa02spqeajr2tjb,Grapes Champagne,Packaged foods,Grapes; Red Or Green; European Type; Such As Thompson Seedless; Raw,
food_b152tp2bozj8h8auouttfbwpj54n,Blood Orange Champagne Cocktail,Generic meals,blood-orange juice; champagne,
food_akv1x0ia0l3qy9b5t1jruaja1nwx,"Champagne Potent Brain and Body Fuel, Champagne",Packaged foods,CARBONATED WATER; CITRIC ACID ANHYDROUS; NATURAL AND ARTIFICIAL FLAVORS; CAFFEINE ANHYDROUS; SODIUM BENZOATE; (PRESERVES FRESHNESS); POTASSIUM CITRATE MONOHYDRATE; SUCRALOSE; L-LEUCINE; POTASSIUM PHOSPHATE DIBASIC; VITAMIN C (ASCORBIC ACID); ACESULFAME POTASSIUM; POTASSIUM SORBATE (PRESERVES FRESHNESS); MAGNESIUM CHLORIDE; SUPER CREATINE (CREATYL-L-LEUCINE [CREATINE BONDED TO L-LEUCINE]); L-ISOLEUCINE; L-VALINE; CALCIUM CHLORIDE; CALCIUM DISODIUM EDTA; VITAMIN B3 (NIACINAMIDE); COQ10 (COENZYME Q10); VITAMIN B6 (PYRIDOXINE HYDROCHLORIDE); AND VITAMIN B12 (METHYLCOBALAMIN).,
food_a173v6ra71if2ibn10hssbrxkn2q,White Chocolate Champagne Truffles,Generic meals,white chocolate; butter; lemon juice; powdered sugar; champagne,
food_bsck64rasshe3aag46w4dbq3ip81,Champagne Reserve Vinegar,Packaged foods,CHAMPAGNE VINEGAR,https://www.edamam.com/food-img/d2d/d2dcfa4b43a6ba7e87a250a0015b129a.jpg
food_ahwuxz1brdani2bbj2ewxanp786j,Strawberry Champagne Jello Shots,Generic meals,champagne; strawberry jello; gelatin,
food_asan9mfbbpstd3akq6ixsbxwlc92,Champagne Dill Mustard,Packaged foods,WATER; MUSTARD SEED; DISTILLED VINEGAR; SALT; WHITE WINE; CHAMPAGNE; DILL; CITRIC ACID; TARTARIC ACID; AND SPICES.,
food_be4vth3aqvl1dfaa3v8mqao4uaf3,Champagne Wine Vinegar,Packaged foods,CHAMPAGNE WINE VINEGAR.,
food_afarlinbuwme86bzycyc7bew34zz,"Champagne Cakes Premium Cupcake Mix, Champagne Cakes",Packaged foods,MIX INGREDIENTS: SUGAR; ENRICHED BLEACHED FLOUR (BLEACHED WHEAT FLOUR; NIACIN; IRON; THIAMINE MONONITRATE; RIBOFLAVIN; FOLIC ACID); VEGETABLE SHORTENING ([CONTAINS ONE OR MORE OF THE FOLLOWING: PALM OIL AND/OR SOYBEAN OIL]; PROPYLENE GLYCOL MONO AND DIESTERS; MONO AND DIGLYCERIDES; SOY LECITHIN; CITRIC ACID [PRESERVATIVE]); MODIFIED CORN STARCH; LEAVENING (BAKING SODA; SODIUM ALUMINUM PHOSPHATE; MONOCALCIUM PHOSPHATE); CONTAINS 2% OR LESS OF EACH OF THE FOLLOWING: SALT; DEXTROSE; ARTIFICIAL FLAVOR; XANTHAN GUM. SANDING SUGAR INGREDIENTS: SUGAR; CARNAUBA WAX; YELLOW 5; YELLOW 6; BLUE 2; RED 40 AND CONFECTIONERS GLAZE.,
food_bihciaoa9s251rb04o0f3ba8xthu,Grande Champagne Vinegar,Packaged foods,WHITE WINE GRANDE CHAMPAGNE; PRESERVATIVE: POTASSIUM HYDROGEN SULPHITE.,
food_b3xmpgnbrsw71fbds7zydbdrwuqr,Fine Champagne Truffles,Packaged foods,VEGETABLE OIL (PALM KERNEL OIL; PALM OIL); SUGAR; LOW FAT COCOA; WHEY POWDER; FINE CHAMPAGNE COGNAC; GELLING AGENT: XANTHAN; COCOA POWDER; EMULSIFIER: SOY LECITHIN; NATURAL FLAVOR; NATURAL VANILLA FLAVOR.,
food_b6ev4s3a3q8shsa5gogksboy9gdl,Champagne Pear Vinegar,Packaged foods,CHAMPAGNE WINE VINEGAR (5% ACIDITY; CONTAINS SULFITES); PEAR PUREE (PEARS; CANE SUGAR; NATURAL PEAR FLAVOR; MALIC AND ASCORBIC ACIDS); ORGANIC SUGAR AND NATURAL FLAVOR.,
food_b2y7rqqan02gndal9taplb4idv5j,Girard's Champagne Vinaigrette,Packaged foods,Canola and Soybean Oil; White Wine; Contains Sulfites; Water; Vinegars; Champagne and White Wine; Sugar; Salt; Mustard Seed; Monosodium Glutamate; Garlic*; Onion*; Spice; Xanthan Gum; Molasses; Calcium Disodium EDTA Added To Protect Flavor; Chives*; Tamarind; *Dried,https://www.edamam.com/food-img/189/18997efa765ffd1db2231aa91e7d99e8
food_b2exrzmbb6rq7za4wsvoeaga4q09,Champagne Vinaigrette Dressing,Packaged foods,CANOLA OIL; HONEY; CHAMPAGNE VINEGAR; WATER; DIJON MUSTARD (VINEGAR; WATER; MUSTARD SEED; SALT; WHITE WINE; CITRIC ACID; TARTARIC ACID; SPICES); RICE WINE VINEGAR; CRUSHED CAPERS (CAPERS; WATER; VINEGAR; SALT); CONCENTRATED GRAPE JUICE; GARLIC PUREE (GARLIC; CITRIC ACID); SALT; SPICES; MIXED TOCOPHEROLS (ANTIOXIDANT - VITAMIN E).,https://www.edamam.com/food-img/c08/c085cc31e247dc12ddb45e2ed8c461ba.jpg
food_bietzsbaa6h197aty5b69bwho396,Dolcezza Champagne Mango,Packaged foods,MANGO;  WATER;  SUGAR;  LIME;  DEXTROSE;  GUM ACACIA;  GUAR GUM;  XANTHAN GUM;  SALT,
food_bg8cs0fbw4ton1aas0st1aj298wi,Champagne Punch Concentrate,Packaged foods,HIGH FRUCTOSE CORN SYRUP; WATER; LESS THAN 2%: PINEAPPLE JUICE CONCENTRATE; ORANGE JUICE CONCENTRATE; GRAPEFRUIT JUICE CONCENTRATE; CITRIC ACID; ESTER GUM; PROPYLENE GLYCOL; TRAGACANTH GUM; XANTHAN GUM; ORANGE OIL; SODIUM CARBOXYMETHYLCELLULOSE; NATURAL FLAVORS; CARAMEL COLOR; SODIUM BENZOATE AND POTASSIUM SORBATE (PRESERVATIVES); RED 40; YELLOW 5; YELLOW 6.,
food_amnli9abr1zmzoa4dmlycb1wb47d,Champagne Ardenne Vinegar,Packaged foods,WHITE WINE VINEGAR.,
food_bt550ykbdd5z58adr3zn9bo448h5,Kola Champagne Syrup,Packaged foods,SUGAR; WATER; ARTIFICIAL FOOD FLAVOURS; CITRIC ACID (ACIDULANT); FD&C YELLOW #6; SODIUM BENZOATE (PRESERVATIVE).,
food_bigcd00bbt77wnb18swn1bgo7jlp,Super a Champagne Cola,Packaged foods,TRIPLE FILTERED CARBONATED WATER; HIGH FRUCTOSE CORN SYRUP; NATURAL AND ARTIFICIAL FLAVORS; CITRIC ACID; FD&C YELLOW #6; SODIUM BENZOATE(A PRESERVATIVE).,https://www.edamam.com/food-img/ab7/ab75996978d579a0b6b163ea3ffb63ff.png
food_b1tzszgbuv8j5hblpht2wbwt1yje,Chicken With Truffles and Champagne Sauce,Generic meals,all purpose flour; chicken; unsalted butter; extra-virgin olive oil; shallots; white wine; bay leaf; green beans; celery root; carrots; egg yolks; truffle,
food_aukmerfao918xwbzk3m2db826yl4,Raspberry Black Pepper Champagne Cocktail,Generic meals,water; sugar; raspberries; oranges; vodka; champagne; turbinado sugar; black pepper; lemon; thyme sprigs,
food_bh8puc9bsjwlnob6zgcbeavt2stn,Couronne Fruit Champagne,Packaged foods,CARBONATED WATER; SUGAR; CITRIC ACID; SODIUM BENZOATE (AS PRESERVATIVE); SODIUM SACCHARINE; NATURAL AND ARTIFICIAL FLAVORS; COLOR.,https://www.edamam.com/food-img/963/9633e24decdc42ed674fdc787623b492.png
food_asqzh3lbahn2m1boa0z41bgsuism,"Cuzcatlan, Cola Champagne",Packaged foods,CARBONATED WATER; SUGAR; AND/OR CORN SWEETENER; ARTIFICIAL FLAVOR AND COLOR (INCLUDES FD&C YELLOW #6); TARTRAZINE; CITRIC ACID; PRESERVED WITH SODIUM BENZOATE.,
food_b015tfvbcen9eyb1an579apjxee9,"Sugarfina, Champagne Bubbles",Packaged foods,SUGAR; CORN SYRUP; CORN STARCH; KOSHER GELATIN; CONTAINS 2% OR LESS OF THE FOLLOWING: CITRUS PECTIN; SODIUM CITRATE; CITRIC ACID; TARTARIC ACID; NATURAL AND ARTIFICIAL FLAVORS; COLOR ADDED.,
food_ac5e5wqax3nrllbhdqkhha1t11ux,Reims Champagne Vinegar,Packaged foods,WINE VINEGAR,
food_a018jypanp7afrair5k6lbhipum3,"Champagne Truffle & Strawberry Truffle Chocolates, Champagne Truffle & Strawberry Truffle",Packaged foods,MILK CHOCOLATE (SUGAR; WHOLE MILK; COCOA BUTTER; CHOCOLATE; SOY LECITHIN (EMULSIFIER); VANILLIN (ARTIFICIAL FLAVOR)}; PASTEL COATING {SUGAR; PALM KERNEL OIL; NONFAT DRY MILK WHOLE MILK POWDER; HYDROGENATED PALM OIL; SOY LECITHIN (EMULSIFIER); VANILLIN (ARTIFICIAL FLAVOR); SALT); INVERT SUGAR; SORBITOL; NATURAL CHAMPAGNE FLAVOR; NATURAL STRAWBERRY FLAVOR; SALT; TARTARIC ACID; CITRIC ACID; FD&C COLOR (RED 40) AND SODIUM BENZOATE (PRESERVATIVE).,
food_b1is32lbc3ha81ahka6kfbj0umx2,Grande Champagne Wine Vinegar,Packaged foods,GRANDE CHAMPAGNE WINE VINEGAR.,
food_br8kttlae8gulgb4q19u2bxk7zsq,"Salad Bar, Champagne Vinaigrette",Fast foods,,
food_bhge2qca0h3rfvbnxn14sa9ols37,Champagne Punch With Raspberry and Orange Liqueur,Generic meals,sugar; ground ginger; champagne; grape juice; raspberry liqueur; orange; raspberries; fresh ginger,
food_atiqtraahw7yulamkttyyaguv817,"o, Champagne Vinegar, Pomegranate",Packaged foods,CHAMPAGNE WINE VINEGAR; POMEGRANATES ACIDITY 6%; CONTAINS NATURALLY OCCURRING SULFITES,https://www.edamam.com/food-img/21f/21f3831f2b3883ebecd178aba26a49d7.jpg
food_byv9q2wa3h1vo9bf53x1nb6lxb89,"Strawberry Champagne Spread, Strawberry",Packaged foods,STRAWBERRIES; PURE CANE SUGAR; WATER; CALIFORNIA CHAMPAGNE; CITRIC ACID; PECTIN,
food_aiz12aibofk013bjmh3q5ai3y6p5,Raspberry Peach Champagne Jam,Packaged foods,FRUIT (RASPBERRIES; PEACHES); PURE CANE SUGAR; FRUIT PECTIN; CHAMPAGNE; LEMON JUICE; CITRIC ACID; SPICES,https://www.edamam.com/food-img/b2d/b2d51560c3623efd824b8489535e4b1d.jpg
food_bo020rfbzw4fvmbnvh9moazgfkfb,Marinated Shrimp With Champagne Beurre Blanc,Generic meals,dry sparkling wine; shallots; Champagne vinegar; black peppercorns; extra-virgin olive oil; shrimp; chives; fresh tarragon; parsley; vegetable oil; unsalted butter,
food_bs14cbdb16tqtob6ml05tad694oz,"Strawberry Preserve With Champagne, Strawberry",Packaged foods,SUGAR; STRAWBERRIES; CHAMPAGNE (0.7%); GELLING AGENT: FRUIT PECTIN; MARC DE CHAMPAGNE (0.3%) ACIDITY REGULATOR: CITRIC ACID,
food_ak1a2cpblmthbgazhvs6ua1ai8c6,"Seattle, Sorbet, Champagne Orange",Packaged foods,ORGANIC JUICE; WATER; SUGAR; CORN SYRUP; CHAMPAGNE; LEMON JUICE; ORGANGE PUREE; NATURAL GUMS; PECTIN; NATURAL FLAVOR; (LESS THAN 1% ALCOHOL).,
food_bi0ynd2bfbd2i5a3435fmbo8f8mz,Orange Muscat Champagne Vinegar,Packaged foods,CHAMPAGNE VINEGAR; ORANGE JUICE CONCENTRATE; SUGAR; WATER; MUSCAT GRAPE JUICE CONCENTRATE.,
food_av6dbibaw7n3n8a5j3uvybur0gbj,White Peach Champagne Sorbet,Packaged foods,WATER; SUGAR; WHITE PEACH PUREE; CHAMPAGNE; CHARDONNAY; YELLOW PEACH PUREE; CORN SYRUP; DEXTROSE; WHITE PEACH FLAVOR; WATER; ETHYL ALCOHOL; SUGAR; LEMON JUICE; CITRIC ACID; TARTARIC ACID; MALIC ACID; PECTIN; GUAR GUM; XANTHAN GUM.,
food_amoneuzah2kvuvauujvjjahd2dwe,"Cocktail Lollipops, Champagne & Strawberry",Packaged foods,CANE SUGAR; TAPIOCA SYRUP; NATURAL CHAMPAGNE FLAVOR; FREEZE DRIED STRAWBERRIES; CANOLA OIL; SOY LECITHIN.,
food_bmsnel8a1sh88qbsygipna8id9zq,"Victoria Amory, Champagne Ketchup",Packaged foods,WATER; TOMATO PASTE; BROWN SUGAR; CHAMPAGNE VINEGAR WHITE DISTILLED VINEGAR. EXTRA VIRGIN OLIVE OIL; SALT; SPICE CHIPS; POWDER; CITRIC ACID.,
food_ax9jlq9a60bhewb7q4tulbj6d496,"Sugarfina, Champagne Bears Candy",Packaged foods,GLUCOSE SYRUP; SUGAR; DORN PERIGNON CHAMPAGNE; GELATIN; CITRIC ACID; LACTIC ACID; NATURAL FLAVORING; NATURAL COLORS (BLACK CURRANT; CARROT); VEGETABLE OILS (PALM KERNEL OIL; COCONUT OIL); BEESWAX; CARNAUBA WAX,
food_b0kbxfeamz0wwjagcfxawao9z3xn,"Dg Genuine, Jamaican Flavored Soda, Kola Champagne, Kola Champagne",Packaged foods,TRIPLE FILTERED CARBONATED WATER; HIGH FRUCTOSE CORN SYRUP; NATURAL AND ARTIFICIAL FLAVORS; CITRIC ACID; SODIUM BENZOATE (A PRESERVATIVE); AND ARTIFICIAL COLOR (FD&C YELLOW #6).,https://www.edamam.com/food-img/220/220d79243fa2812fa577f004cdc3a2ce.jpg
food_bd3h2c9bk7c6p2bieb5a7b2czhxb,"Strawberry Champagne Flavored Creme Filled Mini Cakes, Strawberry Champagne",Packaged foods,SUGAR; WATER; PALM OIL; BLEACHED ENRICHED WHEAT FLOUR [(FLOUR; NIACIN; FERROUS SULFATE OR REDUCED IRON; THIAMIN MONONITRATE; RIBOFLAVIN; FOLIC ACID); MALTED BARLEY FLOUR]; NONFAT DRY MILK; CORN SYRUP; SHORTENING (PALM OIL; MONO- AND DIGLYCERIDES; POLYSORBATE 60); STRAWBERRY PUREE; SPRINKLES (SUGAR; PALM OIL; CORN STARCH; VEGETABLE JUICE COLOR); CONTAINS 2% OR LESS: GLYCERIN; MODIFIED CORN STARCH; DRIED EGG; SPIRULINA (COLOR); EGG WHITES; CORN STARCH; SALT; DEXTROSE; MONO AND DIGLYCERIDES; POLYSORBATE 60; SODIUM STEAROYL LACTYLATE; SODIUM ACID PYROPHOSPHATE; BAKING SODA; SORBIC ACID AND POTASSIUM SORBATE (TO RETAIN FRESHNESS); WHEY; SOY FLOUR; SOY LECITHIN; CARBOXYMETHYLCELLULOSE; NATURAL FLAVOR; GUAR GUM; CALCIUM CASEINATE; SODIUM CASEINATE; SOY PROTEIN ISOLATE; XANTHAN GUM; MONOCALCIUM PHOSPHATE; ENZYMES; SOYBEAN OIL; CARMINE (COLOR); MALTODEXTRIN; GUM ARABIC; AGAR; TRIGLYCERIDES; SODIUM ASCORBATE; BETA CAROTENE (COLOR); TOCOPHEROLS.,
food_bv0nxmwapsuaasba28ex2airahab,Pan-Seared Scallops With Champagne Grapes and Almonds,Generic meals,shallots; unsalted butter; Champagne grapes; sea scallops; parsley; lemon juice; almonds,
food_a38p8xfbob5u8ka7n1wzhbq3d83g,Kale Strawberry Blueberry Salad With Champagne Vinaigrette,Generic meals,Champagne Vinegar; Extra Virgin Olive Oil; Honey; Salt; Pepper; Kale; Strawberries; Blueberries; Feta Cheese; Pumpkin Seeds,
food_a90gdp4amdzbf1bz8h8yla5fiy47,Key Food Champagne Cola,Packaged foods,TRIPLE FILTERED CARBONATED WATER; HIGH FRUCTOSE CORN SYRUP; NATURAL AND ARTIFICIAL FLAVORS; CITRIC ACID; FD&C YELLOW #6; SODIUM BENZOATE (A PRESERVATIVE); SUCRALOSE.,https://www.edamam.com/food-img/077/077d02bb883b33eab93a5ef2a86c42fc.png
food_btys03sb33wegtadid447bne3pe5,White Rose Champagne Kola,Packaged foods,CARBONATED WATER; HIGH FRUCTOSE CORN SYRUP; ARTIFICIAL FLAVOR; CARAMEL COLOR; CITRIC ACID AND SODIUM BENJOATE(A PRESERVATIVE).,https://www.edamam.com/food-img/77e/77ed34662c16266bcaed39a17732c2bb.png
food_a2yp1p2aq2cd9ha14zviia0lflzf,Dg Genuine Kola Champagne,Packaged foods,TRIPLE FILTERED CARBONATED WATER; HIGH FRUCTOSE CORN SYRUP; NATURAL AND ARTIFICIAL FLAVORS; CITRIC ACID; SODIUM BENZOATE (A PRESERVATIVE); AND ARTIFICIAL COLOR (FD&C YELLOW #6).,https://www.edamam.com/food-img/963/9633e24decdc42ed674fdc787623b492.png
food_amgi1b5bg54i6bb47j6auaig0tim,Cola Lacaye Fruit Champagne,Packaged foods,CONTAINS CARBONATED WATER; HIGH FRUCTOSE CORN SYRUP; CITRIC SYRUP; CITRIC ACID; ARTIFICIAL FLAVOR; SODIUM BENZOATE (A PRESERVATIVE); FD&C YELLOW $5; AND FD&C YELLOW #6.,https://www.edamam.com/food-img/da3/da331bef5c155f473da89e4266e89c93.png
food_a9w7e90a06wnxfbm9rjf7au685du,Milk Chocolate Champagne Bottle,Packaged foods,MILK CHOCOLATE (SUGAR; COCOA BUTTER; CHOCOLATE LIQUOR; WHOLE MILK POWDER; SOY LECITHIN [EMULSIFIER]; VANILLA EXTRACT).,
food_bj1k3t3bzbh4wibiv279oa755swk,Sweet Champagne Mix Candy,Packaged foods,SUGAR; CORN SYRUP; CORN STARCH; NATURAL AND ARTIFICIAL FLAVOR; NATURAL PEPPERMINT OIL; NATURAL SPEARMINT OIL; SALT; TITANIUM DIOXIDE (FOR COLOR); ARTIFICIAL COLORS (RED 40; YELLOW 5; YELLOW 6; BLUE 1 AND RED 3).,https://www.edamam.com/food-img/861/861f6de38a8acab8d1d4727c6703427b.png
food_ap7tng5bmlryzrbsme8l3bk3ak15,"Soda, Jamaican Kola Champagne",Packaged foods,TRIPLE FILTERED CARBONATED WATER; HIGH FRUCTOSE CORN SYRUP; NATURAL AND ARTIFICIAL FLAVORS; CITRIC ACID; SODIUM BENZOATE (A PRESERVATIVE) AND ARTIFICIAL COLOR (FD&C YELLOW #6),
food_ai9zrkubvxg92db8e0u5yb6iqn17,Sparkling Cola Champagne Soda,Packaged foods,CONTAIMS: CARBONATED WATER (WATER; CARBON DIOXIDE); HIGH FRUCTOSE CORN SYRUP; ARTIFICIAL FLAVOR; CARAMEL COLOR; CITRIC ACID AND SODIUM BEX-ZOATE (PRESERVATIVE).,https://www.edamam.com/food-img/94d/94d996dca60c9b69c4a7a7758b1cac1f.jpg
food_bv0x7oabe5239vbc2hgdfaj33xi9,MacKays Scottish Strawberry Preserve With Champagne,Packaged foods,SUGAR; STRAWBERRIES; CHAMPAGNE (WITH MARC DE CHAMPAGNE); GELLING AGENT: FRUIT PECTIN; ACIDITY REGULATOR: CITRIC ACID,https://www.edamam.com/food-img/39c/39ccec3909c0bbb6b0b5398a3f172f25.png
food_bjhcydsbrkysdwbc917guaj5xm7s,Jamacian Choice Kola Champagne,Packaged foods,CARBONATED WATER; SUGAR AND/OR CORN SWEETENERS; ARTIFICIAL FLAVOR; ARTIFICIAL COLOR (INCLUDING FD&C YELLOW NO. 6); CITRIC ACID; SODIUM BENZOATE (PRESERVES PRODUCT FRESHNESS).,https://www.edamam.com/food-img/9fd/9fd4b9c84103c161f384c83fa5a957d1.jpg
food_bjnc0r9beoghm8bqm9ptpa0lf3wv,Tropical Fantasy Fruit Champagne,Packaged foods,TRIPLE FILTERED CARBONATED WATER; HIGH FRUCTOSE CORN SYRUP; NATURAL AND ARTIFICIAL FLAVORS; CITRIC ACID; SODIUM BENZOATE (A PRESERVATIVE); AND ARTIFICIAL COLOR (FD&C YELLOW #6).,https://www.edamam.com/food-img/565/565a5e598058fbd2e204856095352ee5.png
food_bo8vxu3b1axqfdbx8cldcby9lat7,"Big Win, Champagne Mix",Packaged foods,SUGAR; CORN SYRUP; CORN STARCH; NATURAL AND ARTIFICIAL FLAVOR; NATURAL PEPPERMINT OIL; NATURAL SPEARMINT OIL; SALT; TITANIUM DIOXIDE (FOR COLOR); ARTIFICIAL COLORS (RED 40; YELLOW 5; YELLOW 6; BLUE 1 AND RED 3).,
food_bmul8bya5s5rbtb27230qa4bikqx,"Sparkling Soda, Cola Champagne",Packaged foods,CARBONATED WATER; HIGH FRUCTOSE CORN SYRUP; CARAMEL COLOR; ARTIFICIAL FLAVOR; CITRIC ACID; SODIUM BENZOATE (AS PRESERVATIVE).,https://www.edamam.com/food-img/c06/c0675993322964f032327ef7511818ba.jpg
food_aw6undwa3ixg02b20iomfavd6m3k,"Woeber's, Reserve Champagne Dill Mustard",Packaged foods,WATER; MUSTARD SEED; DISTILLED VINEGAR; SALT; WHITE WINE; CHAMPAGNE; DILL; CITRIC ACID; TARTARIC ACID AND SPICES.,https://www.edamam.com/food-img/411/41125bcacd4ca3c06878a52c393426c3.jpg
food_b2eeqlzbyvb6otb8c4jhcaffrblt,"Weis, Gourmet Champagne Dill Mustard",Packaged foods,WATER; MUSTARD SEED; DISTILLED VINEGAR; SALT; WHITE WINE; CHAMPAGNE; DILL WEED; CITRIC ACID; TARTARIC ACID; AND SPICES.,https://www.edamam.com/food-img/713/71315273bd2de8011aee9f9088b1e708.jpg
food_b2zaidkb7toqukbag0433a2ceuc8,Yorkshire Wensleydale With Orange & Champagne Truckle,Packaged foods,Yorkshire Wensleydale Cheese (Milk);  Candied Orange Peel 10% (Orange Peel;  Glucose-Fructose Syrup;  Sugar;  Acidity Regulator: Citric Acid);  Fructose;  Champagne Blend 3% (Champagne;  Marc de Champagne;  Preservative; Sulphur Dioxide);  Mandarin Concentrate;  Preservative; Potassium Sorbate,https://www.edamam.com/food-img/21c/21cf4b378cd47c486a6c4350b411f8a0.jpg
food_aqy5evcawp0y2zbes6p7aavuerk2,"Marzetti Vinaigrette Champagne, 12.0 Oz",Packaged foods,Filtered Water; Canola Oil; Champagne And White Wine Vinegars; Sugar; Extra Virgin Olive Oil; Sea Salt; Natural Flavor; Garlic; Dehydrated; Xanthan Gum; Bell Pepper; Dehydrated; Spices; Gluten Free,
food_awqm0g5bqzd3n4ah6wsz4axf9w6b,The House of Preserves Strawberry & Champagne Preserves,Packaged foods,Sugar; Strawberries; Champagne; 3%; Gelling Agent; Pectin; Acidifier; Citric Acid,https://www.edamam.com/food-img/739/73956dc59225e72703117111154f2e8c.png
food_a25mizgb1csyudbxpmt8lbnhmc5r,"Cherchies Mustard Champagne, 8.0 Oz",Packaged foods,Sugar; Vinegars; White And Champagne; Eggs; Mustard Flour; And Less Than 1% Xanthan Gum And Citric Acid; Allergens; Manufactured In A Facility That Processes Wheat; Soy; Dairy; Eggs; Peanuts And Tree Nuts,https://www.edamam.com/food-img/3b6/3b6bfd18ffed7180db562bfece958f39.jpg
food_bfp4wdobfowqktadp8x50bmtrpc7,Olde Cape Cod Champagne Vinaigrette,Packaged foods,WATER; CANOLA OIL; DISTILLED VINEGAR; CHAMPAGNE VINEGAR; WHITE WINE; SUGAR; SALT; SPICES; DRIED YEAST(YEAST EXTRACT; SALT; DEXTROSE); WORCESTERSHIRE SAUCE(DISTILLED VINEGAR; WATER; MOLASSES; SUGAR; SALT; CARMEL COLOR; GARLIC POWDER; TAMARIND; SPICES); XANTHAN GUM; GUAR GUM; GUM ARABIC; NATURAL FLAVOR; MIXED TOCOPHEROLS(VITAMIN E); AND CARAMEL COLOR.,https://www.edamam.com/food-img/35a/35aa5043d51c2ca7f96f9d434d15650d.png
food_arus6aybykcjmxaufewora5ku981,California Champagne Caesar Salad Kit,Packaged foods,ROMAINE LETTUCE; CALIFORNIA CHAMPAGNE CAESAR VINAIGRETTE (CANOLA AND OLIVE OIL BLEND [CANOLA OIL; EXTRA VIRGIN OLIVE OIL]; CALIFORNIA CITRUS CHAMPAGNE VINEGAR [WATER; CHAMPAGNE VINEGAR; NATURAL LEMON FLAVOR]; ANCHOVY PASTE (ANCHOVIES; SALT; OLIVE OIL; ACETIC ACID); WHOLE EGGS; LEMON JUICE; BLACK PEPPER; GARLIC; SEA SALT; MUSTARD BRAN); MULTIGRAIN CROUTONS (ENRICHED WHEAT FLOUR [ENRICHED WITH NIACIN; REDUCED IRON; THIAMINE MONONITRATE; RIBOFLAVIN; FOLIC ACID]; SUNFLOWER OIL; WHOLE GRAIN FLOUR BLEND [AMARANTH; QUINOA; MILLET; SORGHUM; TEFF]; WHOLE WHEAT FLOUR; SUGAR; YEAST; MALTODEXTRIN; SALT; GARLIC POWDER; DEHYDRATED GARLIC; BLACK PEPPER; ONION POWDER; NATURAL FLAVOR; DEHYDRATED PARSLEY); PARMESAN CHEESE (PARMESAN CHEESE [MILK; CHEESE CULTURE; SALT; ENZYMES]; POWDERED CELLULOSE [TO PREVENT CAKING]).,
food_bcwi9kqbfcyhp3b5gjjqla8yq8xk,"Prestat, Marc de Champagne Truffles",Packaged foods,SUGAR; CHOCOLATE LIQUOR; CREAM (MILK); COCOA BUTTER; GLUCOSE SYRUP; BUTTER (MILK); MARC DE CHAMPAGNE (FLAVOR); CREAM POWDER (MILK); SORBITOL (HUMECTANT); SKIM MILK POWDER; COCOA POWER; SOY LECITHIN; VANILLA FLAVORING; PRESERVATIVES (CITRIC ACID; SORBIC ACID).,
food_aakprnxa0akzfwadv78xza7r8mhm,Ahold Dressing Strawberry Champagne Vinigrette,Packaged foods,Water; Canola Oil; Champagne Vinegar; Strawberry Puree; Cane Sugar; Extra Virgin Olive Oil; Sea Salt; Lemon Juice Concentrate; Onion Powder; Garlic Powder; Natural And Artificial Strawberry Flavor; Fruit And Vegetable Juices; For Color; Xanthan Gum,https://www.edamam.com/food-img/119/1197463beb16724a2bf34e2da26ee066.png
food_adwuyg8b4ury8oadwpappamqilbi,Private Selection Honey Champagne Mustard,Packaged foods,WATER; HONEY; WHITE DISTILLED VINEGAR; MUSTARD SEED; WHITE WINE(CONTAINS SULFITES); SUGAR; ENRICHED WHEAT FLOUR(THIAMINE MONONITRATE; RIBOFLAVIN; NIACIN; REDUCED IRON; FOLIC ACID); MUSTARD FLOUR; SALT; LEMON JUICE(FROM CONCENTRATE); GARLIC; CHAMPAGNE(CONTAINS SULFITES); XANTHAN GUM; CITIRC ACID; SPICES.,https://www.edamam.com/food-img/c90/c9058a8f1507193d5dcd3dc98b3e559a.png
food_abbr29lbrefk6ba88gy9wbcq2wm1,"Genuine Jamaican Champagne Kola, Jamaican",Packaged foods,TRIPLE FILTERED CARBONATED; WATER; HIGH FRUCTOSE CORN SYRUP; NATURAL AND ARTIFICIAL FLAVORS; CITRIC ACID; SODIUM BENZOATE (A PRESERVATIVE); AND ARTIFICIAL COLOR (FD&C YELLOW #6).,https://www.edamam.com/food-img/487/4874dab6e323402080fc3f6ee7127985.jpg
food_asi0h1qbwroxo3a67hhkobv8xe68,"Ambassador, Colombian Style Champagne Cola",Packaged foods,PURIFIED CARBONATED WATER; SUGAR; FRUCTOSE; NATURAL AND ARTIFICIAL FLAVORS; ARTIFICIALLY COLORED (CONTAINS F.D.&C. YELLOW #5) CITRIC ACID AND LESS THAN 1/10 OF 1% SODIUM BENZOATE AS A PRESERVATIVE.,
food_beagrmab9an1vaa5ii7n4bkvtjdl,"Good-o, Kola Champagne Soda",Packaged foods,CARBONATED WATER; HIGH FRUCTOSE CORN SYRUP; NATURAL AND ARTIFICIAL FLAVORS; CARAMEL COLOR; CITRIC ACID AND SODIUM BENZOATE (PRESERVATIVE).,https://www.edamam.com/food-img/b2c/b2c27dbb9f25d6bd116fd95b34d59249.jpg
food_a6rmm0ma7n7hytareujfqaei8sj8,Key Ingredient Champagne Cheddar Dip,Packaged foods,Skim Milk; Water; Cheddar Cheese; Cultured Milk; Salt; Enzymes; Partially Hydrogenated Soybean Oil; Modified Food Starch; Salt; Sodium Phosphate; Lactic Acid; Mono & Diglycerides; Annatto And Oleoresin Paprika Color; Spices,https://www.edamam.com/food-img/9e9/9e980ffb39c8dc5d8913fa812f696868.jpg
food_amsjhrsa3exg1aap7ez0ybxzvh39,MacKays Natural Fruit Orange Marmalade With Champagne,Packaged foods,SUGAR; THIN CUT SWEET ORANGES; LEMON JUICE (FROM CONCENTRATE); CHAMPAGNE (WITH MARC DE CHAMPAGNE); GELLING AGENT: FRUIT PECTIN; ACIDITY REGULATOR: CITRIC ACID.,https://www.edamam.com/food-img/a94/a9441a74506d4b1076dbff85483195fe.png
food_a9quwqoaltt1ugb4l17iwbjgv4mv,"Yancey's Fancy Champagne, Aged Cheddar Cheese",Packaged foods,AGED CHEDDAR CHEESE (MILK; CULTURES; SALT; ENZYMES); CHAMPAGNE; TRISODIUM CITRATE; CHAMPAGNE FLAVOR.,https://www.edamam.com/food-img/963/9633e24decdc42ed674fdc787623b492.png
food_byk3dnkbq4lgryavmh6hsb10h28h,"Robert's Reserve, Champagne Grapefruit Cardamom Mustard",Packaged foods,CHAMPAGNE GARLIC HONEY MUSTARD (SUGAR; MUSTARD SEEDS; VINEGAR; WATER; HONEY; GARLIC; SALT; RASPBERRIES; SPICES; TURMERIC; CHAMPAGNE); WATER; SUGAR; GRAPEFRUIT PUREE (GRAPEFRUIT JUICE AND/OR GRAPEFRUIT CONCENTRATE; CITRUS PULP CELLS; GRAPEFRUIT OIL); GINGER; CORN SYRUP; CORNSTARCH; HORSERADISH; WHITE VINEGAR; MUSTARD FLOUR; SEA SALT; MUSTARD OIL; CARDAMOM; WASABI POWDER.,https://www.edamam.com/food-img/409/40951a86a908c955c5090c01780bf398.jpg
food_bkgbsombpvhrz5a6dq9t8azmewul,Shop Rite Champagne Kola Soda,Packaged foods,CARBONATED WATER; HIGH FRUCTOSE CORN SYRUP AND/OR SUGAR; CARAMEL COLOR; CITRIC ACID; SODIUM BENZOATE (PRESERVATIVE); AND ARTIFICIAL FLAVOR.,https://www.edamam.com/food-img/b12/b127b8227ade0765049a3385faee15de.jpg
food_blxggd5a092vn2btu5osebpkxwbv,"Good o Soda, Kola Champagne",Packaged foods,CARBONATED WATER; SUGAR AND/OR HIGH FRUCTOSE CORN SYRUP; NATURAL AND ARTIFICIAL FLAVORS; CARAMEL COLOR; CITRIC ACID; SODIU BENZOATE (PRESERVATIVE).,https://www.edamam.com/food-img/850/850f1a5eb13532f9d59a77c9425ff060.png
food_a61z43ga1bfpk5bey2sl5bu0ajxz,"Old Tyme Soda, Cola Champagne",Packaged foods,FILTERED CARBONATED WATER; HIGH FRUCTOSE CORN SYRUP; NATURAL & ARTIFICIAL FLAVORS; CITRIC ACID; SODIUM BENZOATE (PRESERVATIVE); CAFFEINE AND YELLOW #6.,https://www.edamam.com/food-img/963/9633e24decdc42ed674fdc787623b492.png
food_by2lt40apv5mtsauaq03ebcybsh5,Dg Genuine Jamaican Kola Champagne,Packaged foods,INGREDIENTS: TRIPLE FILTERED CARBONATED WATER; HIGH FRUCTOSE CORN SYRUP; NATURAL AND ARTIFICIAL FLAVORS; CITRIC ACID; SODIUM BENZOATE(A PRESERVATIVE); AND ARTIFICIAL COLOR(FD&C YELLOW #6).,https://www.edamam.com/food-img/469/469c138f0729d44047c3424a3dda4a68.png
food_aq1yyb3abpwptrbqv3vy5bgl4vtu,"Jelly Belly, Jelly Beans, Champagne",Packaged foods,SUGAR; CORN SYRUP; MODIFIED FOOD STARCH; CONTAINS 2% OR LESS OF THE FOLLOWING: NATURAL & ARTIFICIAL FLAVORS; COLOR ADDED; CONFECTIONER'S GLAZE; BEESWAX; CARNAUBA WAX.,
food_aghl2j3au941dbbyednr2bg5w7ci,"Goya, Clasico Refresco Cola Champagne",Packaged foods,CARBONATED WATER; INVERTED CANE SUGAR; ARTIFICIAL FLAVOR; CITRIC ACID; YELLOW #5; YELLOW #6.,
food_bkaajt5b3igf0wajulnyib46he2i,Rite Aid Pantry Champagne Mix,Packaged foods,Corn Syrup; Sucrose; Natural And Artificial Flavor; Natural Peppermint Oil; Natural Spearmint Oil; Salt; Artificial Colors; Red 40; Yellow 5; Yellow 6; Blue 1,
food_bikiylza3jblrjbj98hnkafed3qf,Nancy's  Gourmet Appetizers  Champagne Collection,Packaged foods,Bread; Enriched Wheat Flour; Wheat Flour; Malted Barley Flour; Niacin; Reduced Iron; Thiamine Mononitrate; Riboflavin; Folic Acid; Water; Invert Sugar; Canola Oil; Whey; Yeast; Wheat Fiber Isolate; Baking Powder; Salt; Spice; Parsley; Calcium Propionate; To Retard Spoilage; Filling; Cream Cheese And Acidified Cream Cheese; Milk; Cream; Cheese Culture; Salt; May Contain Carob Bean Gum; Milk Protein; Casein; Whey Protein; Natural Lactic Acid And Flavor; And Guar Gum; Genoa Salami; Pork; Beef; Salt; Dextrose; Spices; Wine; Lactic Acid Starter Culture; Sodium Ascorbate; Flavoring; Sodium Nitrite; Bha And Bht; To Retard Spoilage; Citric Acid; Potassium Sorbate; Water; Monterey Jack Cheese; Pasteurized Milk; Cheese Cultures; Salt; Enzymes; Annatto; Provolone Cheese; Pasteurized Milk; Cheese Cultures; Salt; Enzymes; Natural Smoked Flavor; Roasted Tomatoes; Tomatoes; Spices; Salt; Canola Oil; Tomato; Red Peppers; Mayonnaise; Soybean Oil; Egg Yolks; Vinegar; Salt; Corn Syrup; Sugar; Water; Spice; Calcium Disodium Edta; To Preserve Freshness; Concentrated Lemon Juice; Spinach; Spices; Sugar; Salt; Food Starch - Modified; Roasted Garlic; Xanthan Gum,
food_bgsjbwwaghiajxbkam27magddmc7,Girard's 60 Calorie Champagne Vinaigrette,Packaged foods,Water; Soybean Oil; White Wine; Preserved with Sulfites; White Wine Vinegar; Salt; Sugar; Spices; Including Mustard Seed; Monosodium Glutamate; Garlic; Onion; Xanthan Gum; Sodium Benzoate and Potassium Sorbate Added as Preservatives; Molasses; Calcium Disodium Edta Added To Protect Flavor; Vinegar; Corn Syrup; Caramel Color; Chives; Tamarind; Natural Flavors,https://www.edamam.com/food-img/a10/a1067f610a502cc295bd815484a2c77c
food_a2j4cjja95925yb0mf3rxb4rmo9b,"Market District, Dark Chocolate, Strawberry Champagne",Packaged foods,DARK CHOCOLATE (COCOA MASS; SUGAR; COCOA BUTTER; SOY LECITHIN [EMULSIFIER]; AND NATURAL VANILLA EXTRACT); DRIED STRAWBERRY BITS; CHAMPAGNE FLAVOR; NATURAL CHAMPAGNE EXTRACT (SOY LECITHIN); IMITATION RUM OIL (PROPYLENE GLYCOL AND ARTIFICIAL FLAVORS); AND ARTIFICIAL STRAWBERRY FLAVOR.,
food_a1u9r4eaexg4o2bf8qmsfago48de,"Cuisine Perel Mustard Champagne, 10.0 Oz",Packaged foods,Water; Wine; Ground Mustard Seed; Vinegar; Honey; Soybean Oil; Champagne; Wheat Flour; Salt; Sorbitol; Egg Yolk; Cereal Solids; Xanthan Gum; Onion Powder; Citric Acid; Spices; Calcium Disodium Edta; Retains Product Freshness,https://www.edamam.com/food-img/883/8831181d1c56d3706784701e5f21c19f.jpg
food_b1tdvyyandmag1a4b8gunb2e6mk4,Trader Joe's Champagne Pear Vinaigrette With Gorgonzola,Packaged foods,Water; Pear Puree; Pears; Ascorbic Acid; Citric Acid; Pear Concentrate; Pear Essence; Gorgonzola Cheese; Pasteurized Milk; Salt; Cheese Cultures; Enzymes; Cellulose; Anti Caking Agent; Natamycin; Preservative; Champagne Vinegar; Champagne Wine Vinegar; Sulfites; Canola Oil; Brown Sugar; Salt; Chives; Citric Acid; Xanthan Gum; Black Pepper; Cinnamon; Natamycin,
food_blrodgsbwbv5s7bdw6kvkba727t2,"India Original Kola Champagne , 67.6 Oz",Packaged foods,Carbonated Water; Sugar; And/or Corn Sweetener; Kola Champagne Citric Acid; Preserved With Sodium Benzoate And Caramel Colored,https://www.edamam.com/food-img/652/652ec55c53215de0049904608ec5d597.jpg
food_aznpwi5bn345fgafvi7z0big5mno,"Dark Chocolate Champagne Bears, Dark Chocolate",Packaged foods,CACAO BARRY DARK CHOCOLATE (COCOA MASS 64%; SUGAR; COCOA BUTTER; SOY LECITHIN [AN EMULSIFIER]; NATURAL VANILLA); GLUCOSE SYRUP; SUGAR; GELATIN; DOM PERIGNON VINTAGE CHAMPAGNE; CITRIC ACID AND LACTIC ACID; NATURAL FLAVORING; NATURAL COLORS (BLACK CURRANT; CARROT); VEGETABLE OILS (PALM KERNEL OIL; COCONUT OIL; BEESWAX; CARNAUBA WAX,
food_bn3vp2ma7sydo7as9u04tbhza4i7,a Perfect Pear Dressing Champagne Pear Vinaigrette,Packaged foods,Water; Canola Oil; Champagne And White Wine Vinegars; Sugar; Extra Virgin Olive Oil; Sea Salt; Natural Flavor; Garlic; Dehydrated; Xanthan Gum; Bell Pepper; Dehydrated; Spices,https://www.edamam.com/food-img/c80/c80c423234ce5a30ba53e1f3b38cf697.jpg
food_a7576qhb2f0wdlbcbiihpa02s61c,"Chiarla's, Bubbly Celebration Champagne Cream Sauce",Packaged foods,VINE RIPENED FRESH TOMATOES; CHAMPAGNE; HEAVY CREAM; EXTRA VIRGIN OLIVE OIL; PARMESAN CHEESE (PART-SKIM MILK; CHEESE CULTURES; ENZYMES; CELLULOSE TO PREVENT CAKING); MASCARPONE CHEESE (PASTEURIZED MILK; CREAM); SALT; FRESH GARLIC; SUGAR; CRUSHED RED PEPPER; FRESH BASIL; CAYENNE PEPPER.,
food_bjgc04uachbxbdb16r4gmagxej05,Champagne & Strawberries Marshmallow Covered in Milk Chocolate,Packaged foods,MILK CHOCOLATE {SUGAR; WHOLE MILK; COCOA BUTTER; CHOCOLATE; SOY LECITHIN (EMULSIFIER); VANILLIN (ARTIFICIAL FLAVOR)}; CORN SYRUP; SUGAR; INVERT SUGAR; SORBITOL; GELATIN; STRAWBERRIES; NATURAL CHAMPAGNE FLAVOR; NATURAL FLAVORS; SALT; PALM KERNEL OIL; CITRIC ACID; FD&C RED 40; SODIUM BENZOATE (PRESERVATIVE) AND PHOSPHATES.,
food_blem815as6mharb25r6ada6grg2r,"Dietz & Watson Cheese Champagne Cheddar, 7.6 Oz",Packaged foods,Aged Cheddar Cheese; Milk; Cultures; Salt; Enzymes; Champagne; Trisodium Citrate; Champagne Flavor,https://www.edamam.com/food-img/e8e/e8eb889ee65151cbbf6a9cc2b1950801.jpg
food_bn1axekah1r7i7a8uckxxawnw0un,"JCS Soda Kola, Champagne, 12.0 Oz",Packaged foods,Carbonated Water; Sugar And/or Corn Sweeteners; Natural And Artificial Flavors; Citric Acid; Artificial Color; Including Fd&c Yellow 6; And Preserved With Sodium Benzoate,https://www.edamam.com/food-img/557/5577732f7ba6e1c097daa4101ab4784a.jpg
food_ah7py46acxs4phbucbs4harpzv19,"Cuzcatlan Cola Champagne, 20 fl Oz",Packaged foods,Carbonated Water; Sugar; And/or Corn Sweetener; Artificial Flavor; And Color; Includes Fd&c Yellow#6; Tartrazine; Citric Acid; Preserved With Sodium Benzoate,https://www.edamam.com/food-img/ddc/ddc4977e40b6c50206bc35d6e2a27750.png
food_b6nin1qb5qlp74aju6h6waaakf9r,"Wine Lover's Chocolate, Chocolate, Pair With Champagne",Packaged foods,PURE CANE SUGAR; FULL CREAM MILK; COCOA BUTTER; LACTOSE; SOYA LECITHIN; VANILLA BEANS,
food_br448akapbox4jbxsbgx4a9xrm89,"Stonewall Kitchen Jam Strawberry Champagne, 11.5 Oz",Packaged foods,Strawberries; Pure Cane Sugar; Champagne; Fruit Pectin; Citric Acid; Lemon Juice Concentrate; Gluten Free,
food_aegljacaq6n12ib4b6wg0bv29usj,"o Olive Oil Vinegar Champagne, 6.8 Oz",Packaged foods,California Champagne Wine Vinegar; Acidity; 6%; Gluten Free; Contains Naturally Occurring Sulfites,
food_a8e44cybw59ldgb4n0mtvbd35hna,"Cuisine Perel Strawberry Champagne Vinegar , 6.5 Oz",Packaged foods,Champagne Vinegar; Strawberry Juice; White Grape Juice; Cider Vinegar And Natural Flavors,https://www.edamam.com/food-img/89c/89c80d18e245c197f8385d73bcbf3818.jpg
food_abujilsaqfsxd4awiztz3b89g4yd,"Good-o, Diet Kola Champagne Soda",Packaged foods,CARBONATED WATER; CARAMEL COLOR; ARTIFICIAL FLAVOR; SODIUM BENZOATE (PRESERVATIVE); CITRIC ACID; SUCRALOSE. ,https://www.edamam.com/food-img/135/135f1969b552adc7cb51b7fbe54c0b95.jpg
food_acv4tm2bc4sspyaarvvt6ba3zxqr,"Jelly Belly Champagne Bubbles , 8.0 Oz",Packaged foods,Sugar; Corn Syrup; Corn Starch; K - Gelatin; Citrus Pectin; Sodium Citrate; Citric Acid; Tartaric Acid; Natural And Artificial Flavors; Color Added; Manufactured In A Plant That Processes Peanuts,https://www.edamam.com/food-img/472/472ea70deb1e407f862f4b9039874d53.jpg
food_b1alkdbbjqg6x8bjtfk1zab93ady,"Good-o Soda Champagne, 20.0 Oz",Packaged foods,Carbonated Water; Sugar And/or High Fructose Corn Syrup; Natural And Artificial Flavors; Caramel Color; Citric Acid; Sodium Benzoate; Preservative,https://www.edamam.com/food-img/5b0/5b08322208042f3eedf319a90fe133a8.jpg
food_as98wbua54pdpsb1mxk4ob2749u5,"India Kola Champagne Caribbean, 67.6 Oz",Packaged foods,Carbonated Water; High Fructose Corn Syrup; Natural And Artificial Flavors; Citric Acid; Preserved With Sodium Benzoate; And Artificial Color; Including Fd&c Yellow 5,https://www.edamam.com/food-img/d35/d3501095219a7e0d08e41f6f2769011c.jpg
food_b5xts7gawbqsrsbawtadxa3he7sv,"Modern Cocktail Toppers Champagne, 1.0 Ea",Packaged foods,Raspberry Topper; Water; Sugar; Citric Acid; Natural Flavors; Sodium Benzoate; Potassium Sorbate; Ester Gum; Red 40; Blue 1; Blood Orange Topper; Water; Sugar; Natural Flavors; Citric Acid; Sodium Benzoate; Potassium Sorbate; Ester Gum; Red 40; Blue 1; Grapefruit Topper; Water; Sugar; Natural Flavors; Citric Acid; Sodium Benzoate; Potassium Sorbate; Ester Gum; Brominated Soybean Oil; Red 40; Blue 1; Mandarin Orange Topper; Water; Sugar; Citric Acid; Natural Flavors; Sodium Benzoate; Potassium Sorbate; Yellow 6; Mango Topper; Water; Sugar; Natural Flavors; Citric Acid; Sodium Benzoate; Potassium Sorbate; Ester Gum; Yellow 6; Yellow 5; Red 40; Sugar Crystals; Sugar; Yellow 5; Yellow 6,https://www.edamam.com/food-img/b6e/b6e6078f765111752596945607f1afcd.jpg
food_bpqkkw8btuvkyrbemog4ea263ij4,"DC Kola Jamaican, Champagne, 2.0 Lt",Packaged foods,Triple Filtered Carbonated Water; High Fructose Corn Syrup; Natural And Artificial Flavors; Citric Acid; Sodium Benzoate; A Preservative; And Artificial Color; Fd&c Yellow No; 6,https://www.edamam.com/food-img/ed1/ed143cc85ee3626f1edb57e5791d617e.jpg
food_axg3ijjbl6lexta4jdxbrakb72dw,"JCS Soda Champagne Kola, 67.6 Oz",Packaged foods,Contains Carbonated Water; Sugar And/or Corn Sweeteners; Natural And Artificial Flavors; Citric Acid; Artificial Color; Including Fd&c Yellow 6; And Preserved With Sodium Benzoate; Contents Under Pressure; Cap May Blow Off Causing Eye Or Other Serious Injury; Point Away From Face And People; Especially While Opening,https://www.edamam.com/food-img/635/635072def925a98966cbc27582b18a4c.jpg
food_blbvsi8beusv7gbn5hzp5awt216r,"Jamaican Choice Kola Champagne , 12.0 Oz",Packaged foods,Carbonated Water; Sugar And/or Corn Sweeteners; Artificial Flavor; Artificial Color; Including Fd&c Yellow No; 6; Citric Acid; Sodium Benzoate; Preserves Product Freshness,https://www.edamam.com/food-img/c36/c364b470a8fb00c4ad217f90fa2b8de7.jpg
food_bfnvwcyakqlf57a5e6w37alesyqb,"Ginseng up Kola Champagne , 12.0 Oz",Packaged foods,Triple Filtered Carbonated Water; Cane Sugar; Citric Acid; Natural And Artificial Flavors; Artificial Color; Fd&c Yellow 6; Korean Ginseng Tea,https://www.edamam.com/food-img/ddc/ddc972c61c9d21cc25689cac68f5c685.jpg
food_ac38rr8a30zld4aj4jmira4gdc6d,"Cuzcatlan Cola Champagne, 12 fl Oz",Packaged foods,Carbonated Water; Sugar; And/or Corn Sweetener; Artificial Flavor And Color; Includes Fd&c Yellow #6; Tartrazine; Citric Acid; Preserved With Sodium Benzoate,https://www.edamam.com/food-img/7c4/7c47c837e4a5da2b00a1f9381cf3245f.png
food_btn06q5ae3s5pqb67kijhajkoqe3,"Good Housekeeping Vinaigrette Champagne Basil, 11.85 Oz",Packaged foods,Water; Grapeseed Oil; Champagne Vinegar; Contains Sulfites; Chardonnay Wine; Contains Sulfites; Sugar; Salt; Spices; Dijon Mustard; Distilled Vinegar; Water; Mustard Seed; Salt; White Wine; Citric Acid; Turmeric; Spices; Garlic; Xanthan Gum; Contains Sulfites,https://www.edamam.com/food-img/adf/adf980332277a231ce8cb3214fcf8fe6.jpg
food_awlra8hbgjnlbrb0b9q22alcjs9e,"Fairway Dark Chocolate Strawberry Champagne, 3.0 Oz",Packaged foods,Dark Chocolate; Cocoa Mass; Sugar; Cocoa Butter; Soy Lecithin; Emulsifier; And Natural Vanilla Extract; Dried Strawberry Bits; Champagne Flavor; Natural Champagne Extract; Soy Lecithin; Imitation Rum Oil; Propylene Glycol And Artificial Flavors; Artificial Strawberry Flavor; Contains; Soy; May Contain Milk; Wheat; Peanuts; And Tree Nuts,
food_akxegx5af3k0rzaiexqyaadqyih6,Haus Barhyte Champagne & Honey Mustard 9 Oz,Packaged foods,Water; Mustard Seed; Honey; White Distilled Vinegar; Enriched Wheat Flour; Thiamine Mononitrate; Riboflavin; Niacin; Reduced Iron; Folic Acid; White Wine; Contains Sulfites; Sugar; Mustard Flour; Lemon Juice; Salt; Champagne; Contains Sulfites; Garlic; Citric Acid; Xanthan Gum; Spices,https://www.edamam.com/food-img/5ba/5bacc455320a5fc601e812aa1d97fee8.jpg
food_adxog0nak90dffa8xlln1b33a60r,"Pink Champagne & Milk Chocolate Swirl Silky Smooth Promises Hearts, Pink Champagne & Milk Chocolate Swirl",Packaged foods,MILK CHOCOLATE (SUGAR; COCOA BUTTER; SKIM MILK; CHOCOLATE; MILKFAT; LACTOSE; SOY LECITHIN; ARTIFICIAL FLAVORS); SUGAR; COCOA BUTTER; SKIM MILK; MILKFAT; SOY LECITHIN; NATURAL FLAVORS; SALT; PGPR; COLORING (RED 40 LAKE; BLUE 2 LAKE).,
food_bllmbjmathf35pank0ms9b102mfc,The Silver Palate Salad Splash Champagne Honey Mustard,Packaged foods,EXPELLER PRESSED CANOLA OIL; WATER; CHAMPAGNE VINEGAR; HONEY DIJON MUSTARD(DISTILLED VINEGAR; WATER; MUSTARD SEED; WHITE WINE; SALT; CITRIC ACID; SPICES); SUGAR; YELLOW MUSTARD; SALT; GARLIC; BLACK PEPPER; XANTHAN GUM. NUTMEG; CLOVES.,https://www.edamam.com/food-img/299/299169014aae3b4bea8bac26ae05daf1.png
food_afgtfvlbdni93wbvmf5pya8mlp3l,"MacKays Marmalade Orange With Champagne 12 oz, 6.0 Pk",Packaged foods,Cane Sugar; Thin Cut Sweet Oranges; Lemon Juice; Fruit Pectin; Champagne; Marc De Champagne; Produced In A Factory That Processes Eggs And Butter,
food_bwv09gbakq30r7alh5ccjbisle8l,MacKays Marmalade - Orange With Champagne 12 oz 6 Pk,Packaged foods,Cane Sugar; Thin Cut Sweet Oranges; Lemon Juice; Fruit Pectin; Champagne; Marc De Champagne; Produced In A Factory That Processes Eggs And Butter,
food_b11fc3rainvp1va4v7swqb1za16t,"Vineyard Pantry Champagne Vinegar Lemon Ginger, 8.45 Oz",Packaged foods,Champagne Vinegar; 10% Acidity; Contains Sulfites; Water; Sugar; Lemon Juice Concentrate; Natural Flavor; Contains Sulfites,https://www.edamam.com/food-img/763/763f951924d63b06c47b1729876a1920.jpg
food_b0ft83gax2ub8daaf5qrbbl3ivg0,"Simplify Salad Dressing Champagne Honey Mustard, 64.0 Oz",Packaged foods,Canola Oil; Apple Cider Vinegar; Champagne; Pure Cane Sugar; Mustard; Honey; Onion; Celery Seeds; Salt; Spices,https://www.edamam.com/food-img/860/86067cacc037ba49268561c331e59c31.jpg
food_alyaaezakzq8v4a41uw3tblqff6m,"Dietz & Watson, Champagne Dill Mustard Deli Complements, Mustard",Packaged foods,WATER; MUSTARD SEED; DISTILLED VINEGAR; SALT; WHITE WINE; CHAMPAGNE; DILL WEED; CITRIC ACID; TARTARIC ACID; AND SPICES.,
food_ajmol3wa7rxn9war4cllvazcnvva,"Simplify Salad Dressing Champagne Celery Seed, 13.0 Oz",Packaged foods,All - Natural Ingredients; Canola Oil; Apple Cider Vinegar; Champagne; Pure Cane Sugar; Mustard; Honey; Onion; Celery Seeds; Salt; Spices,https://www.edamam.com/food-img/43c/43c641737bba6cc7c5fca79e912d5b9c.jpg
food_bzxoufvajmfjo7acbf0goa9z0rck,"JCS Syrup Kola Champagne Flavored, 25.5 Oz",Packaged foods,Cane Sugar; Water; Approved Artificial And Natural Flavors; Citric Acid; Fd&c Yellow 6; Less 0; 01% Sodium Benzoate; Preservative,
food_blqvmneblt4g37b105if0aw6ehb1,"Russell Stover Chocolates Champagne Flavored, 3.7 Oz",Packaged foods,Ingredients Consist Of Chocolate; Sugar; Chocolate; Chocolate Processed With Alkali; Cocoa Butter; Whole Milk; Milk Fat; Soy Lecithin; An Emulsifier; Vanillin; An Artificial Flavor; Corn Syrup; Sugar; Condensed Milk; Dairy Cream; Brown Sugar; Palm Kernel Oil; Coconut With Sodium Metabisulfite; To Promote Color Retention; Invert Sugar; Whole Milk; Nonfat Milk Solids; Molasses; Cherries; Cherries; Corn Syrup; Water; Sugar; Citric Acid; Sodium Benzoate And Potassium Sorbate; Preservatives; Sulfur Dioxide; To Promote Color Retention; Fd&c Red 40; Almonds; Peanut Butter; Dry Roasted Peanuts; Hydrogenated Cottonseed/rapeseed Oil; Soy Oil; Salt; Walnuts; Cocoa Processed With Potassium Carbonate; Confectioner's Glaze; Butter; Sorbitol; Salt; Cocoa Powder; White Chocolate; Sugar; Cocoa Butter; Whole Milk; Soy Lecithin; An Emulsifier; Artificial Flavor; Salt; Raisins; Natural And Artificial Flavors; Honey; Egg Albumen; Apricots With Sulfur Dioxide; To Promote Color Retention; Pecans; Maple Sugar; Soy Lecithin; An Emulsifier; Spice; Invertase; An Enzyme; Tapioca Flour; Potassium Sorbate And Sodium Benzoate; Preservatives; Fd&c Colors; Red 40; Yellow 5 & 6; Blue 1; And Tocopherols; A Natural Antioxidant; May Contain Tree Nuts And Wheat,
food_ak005iba01mi31bkjpuwwannepnc,"Sak Pase Soda Champagne Cola, 67.6 Oz",Packaged foods,Contains; Carbonated Water; High Fructose Corn Syrup And/or Sugars; Natural And Artificial Flavors; Citric Acid; Sodium Benzoate; To Protect Taste; Artificial Color Including Fd&c Yellow 6,
food_azzc6mfaobpujobpjlm9ib0qjy94,"Sak Pase Soda Champagne Cola, 12.0 Oz",Packaged foods,Contains; Carbonated Water; Sugar And/or Corn Sweeteners; Natural And Artificial Flavors; Citric Acid; Artificial Color; Including Fd&c Yellow 6; And Preserved With Sodium Benzoate,
food_aktmupsa464js8bqf5ymcb86wjlw,"DG Soda Jamaican, Kola Champagne, 12.0 Oz",Packaged foods,Triple Filtered Carbonated Water; High Fructose Corn Syrup; Natural And Artificial Flavors; Citric Acid; Sodium Benzoate; A Preservative; And Artificial Color; Fd&c Yellow No; 6,https://www.edamam.com/food-img/1f0/1f067fcd35694c279d3fe951318322cc.jpg
food_brkkf6cbwdhx0dbhzh7vxa9r90xj,"Grace Syrup Flavored, Kola Champagne, 25.5 Oz",Packaged foods,Sugar; Water; Approved Natural And Artificial Flavors; Citric Acid; Acidulant; Fd&c Yellow 5; Fd&c Yellow 6; 0; 1% Sodium Benzoate; As Preservative,https://www.edamam.com/food-img/69c/69cd5ecc4b36a0eed5cdecc06a8d39ec.jpg
food_bixy7s5bpwks3zaurz6mgbqxlxsg,"Howe Candy Champagne Mix, the Original, 16.0 Oz",Packaged foods,Strawberry Buds Filled; Sugar; Corn Syrup; Citric Acid; Artificial Flavor; Gelatin; Salt And Artificial Color; Fd&c Red 40; Assorted Filled Candy; Sugar; Corn Syrup; Citric Acid; Artificial And Natural Flavors; Gelatin; Salt And Artificial Colors; Fd&c Red 40; Yellow 6; Yellow 5; Peppermint Starlights; Sugar; Corn Syrup; Natural Peppermint Oil; Titanium Dioxide; For Color; Fd&c Red 40; Butterscotch Disk; Sugar; Corn Syrup; Salt; Artificial Flavor; Fd&c Yellow 5; Yellow 6; Red 40; Blue 1; Fruit Discs; Sugar; Corn Syrup; Citric Acid; Natural And Artificial Flavors; Artificial Colors Including; Yellow 6; Yellow 5; Red 40; Blue 1 And Red 3; Allergy; This Product Was Packaged In A Facility That May Also Process Peanuts; Tree Nuts; Milk Products; Soy; Wheat; And Eggs,https://www.edamam.com/food-img/04b/04b536b76d1f99fef6786f5b34e57e55.png
food_bo8toq7b1egykeaw08o0ha6f0877,"Simplify Salad Dressing Champagne Celery Seed, 64.0 Oz",Packaged foods,Canola Oil; Champagne; Pure Cane Sugar; Apple Cider Vinegar; Honey; Salt; Mustard; Onion; Spices,https://www.edamam.com/food-img/a70/a7080b64ee0d892a82b602bdc8dbdc37.jpg
food_bo72vr5amtgngrbicqipjb7k3sim,"Vineyard Pantry Champagne Vinegar Peach Vanilla, 8.45 Oz",Packaged foods,Champagne Vinegar; 10% Acidity; Contains Sulfites; Water; Peach Juice Concentrate; Sugar; Vanilla Extract; Natural Flavor,https://www.edamam.com/food-img/4fe/4fe27b607257276aeea4ce80e802903d.jpg
food_a3wbaf0bul7oqib3je6yyai2rgfg,"Simplify Salad Dressing Champagne Honey Mustard, 13.0 Oz",Packaged foods,All - Natural Ingredients; Canola Oil; Champagne; Pure Cane Sugar; Apple Cider Vinegar; Honey Salt; Mustard; Onion; Spices,https://www.edamam.com/food-img/eef/eef78e6072a98f7b1b6379cb4c4ab1b8.jpg
food_asih0hebyle35qbu2kfunbg9jcce,"d.l.Jardine's, Texas Champagne Hot Sauce, Hot, Hot",Packaged foods,RED PEPPERS; VINEGAR; SALT AND XANTHAN GUM,https://www.edamam.com/food-img/d74/d74546598a3976f7f0b6e97e5f3466f4.jpg
food_a1yfk09a6e29a4bs7vpmobe0d3yf,"Ambassador Kola Champagne Colombian Style, 67.6 Oz",Packaged foods,Purified Carbonated Water; Sugar; Fructose; Natural And Artificial Flavors; Artificially Colored; Contains Fd & C Yellow 5; Citric Acid And Less Than 1/10 Of 1% Sodium Benzoate As A Preservative,
food_bk49ed4bwkdy2rbfr3hqnb13vxfy,"One & Only Salad Dressings Champagne, 12.0 Oz",Packaged foods,Non - Gmo Canola Oil; Organic White Wine Vinegar; Organic Lemon Juice Concentrate; Organic Sugar; Organic Cracked Pepper; Organic Garlic Powder; Gluten Free,
food_bves7roa12vc0ha1mm7jhb2ltchj,"Girard's Dressing Champagne 12 oz, 6.0 Pk",Packaged foods,Soybean Oil; White Wine; Preserved With Sulfites; Water; White Wine Vinegar; Salt; Sugar; Spices; Including Mustard Seed; Monosodium Glutamate; Garlic*; Onion*; Xanthan Gum; Molasses; Calcium Disodium Edta Added To Protect Flavor; Vinegar; Corn Syrup; Caramel Color; Chives*; Tamarind; Natural Flavor; *dehydrated,
food_b4q5e58bkxuiknbhdbwtbaetgee4,Wegmans Pain de Champagne Rolls 13 Oz,Packaged foods,Wheat Flour Enriched; Flour Unbleached Unbromated; Barley Malted Flour; Niacin; Iron Reduced; Thiamine Mononitrate; Vitamin B1; Riboflavin; Vitamin B2; Folic Acid; Vitamin Ab; Water; Rye Flour; Olive Oil Extra Virgin Contains 2% Or Less Of The Following; Salt Sea; Yeast; Sour Culture; Water; Wheat Flour Enriched; Flour Unbleached Unbromated; Barley Malted Flour; Niacin; Iron Reduced; Thiamine Mononitrate; Vitamin B1; Riboflavin; Vitamin B2; Folic Acid; Vitamin Ab; Yeast; Barley Malted; Corn Grits; Soy Lecithin,https://www.edamam.com/food-img/386/386b6839a3b8a256f0fe1fe128d8432f.jpg
food_b010nonbu4bibuacaz0d0atzzlwi,"Rose & Ivy Wine Jelly Champagne, 8.0 Oz",Packaged foods,Wine; Sugar; Fruit Pectin,https://www.edamam.com/food-img/611/611b3d0ab82a06b84691bc33f8e11d5f.jpg
food_bbuzxx9aajq64nb2kqpdxb37lu2x,"Madame Gougousse Kola Fruit Champagne, 2.1 Qt",Packaged foods,Carbonated Treated Water; High Fructose Corn Syrup; Citric Acid; Sodium Benzoate; A Preservative; Natural And Artificial Flavors; And Yellow 6,https://www.edamam.com/food-img/3da/3da91e0ee7fa5cd355ec60ff9b38822b.jpg
food_a0qk5e7a3wa4hpbh7e91wb7nmw0b,"Briannas Vinaigrette Champagne Caper 12 oz, 6.0 Pk",Packaged foods,Canola Oil; Honey; Champagne Vinegar; Water; Dijon Mustard; Vinegar; Water; Mustard Seed; Salt; White Wine; Citric Acid; Tartaric Acid Spices; Rice; Wine Vinegar; Crushed Capers; Capers; Water; Vinegar; Salt; Concentrated Grape Juice; Garlic Puree; Garlic; Citric Acid; Salt; Spices; Mixed Tocopherols; Natural Antioxidant - - Vitamin E,
food_a6v5g65a6gw0uia6l95phali8nso,Briannas Vinaigrette Champagne Caper 12 oz 6 Pk,Packaged foods,Canola Oil; Honey; Champagne Vinegar; Water; Dijon Mustard; Vinegar; Water; Mustard Seed; Salt; White Wine; Citric Acid; Tartaric Acid Spices; Rice; Wine Vinegar; Crushed Capers; Capers; Water; Vinegar; Salt; Concentrated Grape Juice; Garlic Puree; Garlic; Citric Acid; Salt; Spices; Mixed Tocopherols; Natural Antioxidant - - Vitamin E,https://www.edamam.com/food-img/67e/67e4e4f297c70711ae241579a56bc9d4.jpg
food_akq2ma5bxwcbofant9v02aq2hpwd,"Bernstein\'s Dressing & Marinade Raspberry Champagne, 14.0 Oz",Packaged foods,Water; Soybean And/or Canola Oil; Red Wine Vinegar; Contains Sulfites; Sugar; Vinegar; Champagne Cooking Wine; Contains Sulfites; Raspberry Juice Concentrate; Contains 2% Or Less Of Salt; Dehydrated Onion; Dehydrated Garlic; Natural Raspberry Flavor; Potassium Sorbate And Sodium Benzoate; Preservatives; Xanthan Gum; Spices; Molasses; Corn Syrup; Caramel Color; Calcium Disodium Edta; To Protect Flavor; Natural Flavors,https://www.edamam.com/food-img/bce/bcea901ab24315be28a335f6f7373ec5.jpg
food_bq7buzeafk7gmuarvno4xa51l5hw,Tesco Finest Marc de Champagne Truffles 140 g,Packaged foods,White Chocolate; 42%; Milk Chocolate; 21%; Sugar; Cream; Milk; Cocoa Butter; Dried Whole Milk; Marc De Champagne; 2; 5%; Whey Concentrate; Milk; Milk Proteins; Icing Sugar; Emulsifier; Soya Lecithins; Flavouring; White Chocolate Contains; Sugar; Cocoa Butter; Dried Whole Milk; Dried Skimmed Milk; Emulsifier; Soya Lecithins; Natural Vanilla Flavouring; Milk Chocolate Contains; Sugar; Cocoa Butter; Dried Whole Milk; Cocoa Mass; Dried Skimmed Milk; Emulsifier; Soya Lecithins; Natural Vanilla Flavouring; Milk Chocolate Contains; Cocoa Solids 30% Minimum; Milk Solids 20% Minimum,https://www.edamam.com/food-img/1d4/1d4a1916c41c7ca66fca36cd237887c3.jpg
food_a0oebljbt1uy63abfxf5tbn24354,"Grants of Scotland Marmalade Luxury, With Champagne, Christmas Orange, 12.0 Oz",Packaged foods,Cane Sugar; Thin Cut Sweet Oranges; Lemon Juice; Fruit Pectin; Champagne; Marc De Champagne,https://www.edamam.com/food-img/f75/f75cade7e610f1cd68e6af1310b5b593.jpg
food_buj7pkga0zqqeabgeq808b6ajv2j,"o Organics Salad Dressing Champagne Vinaigrette, 12.0 Oz",Packaged foods,Water; Expeller Pressed Soybean Oil; Organic; Invert Syrup; Organic; Extra Virgin Olive Oil; Organic; Champagne Vinegar; Organic; Dijon Mustard; Organic; Grain Vinegar; Organic; Water; Mustard Seed; Organic; Salt; Spices; Organic; Non Fat Dry Milk; Organic; Salt; Lemon Juice Concentrate; Organic; Xanthan Gum; Spice; Organic; Natural Flavor; Organic; Contains; Soy; Milk,https://www.edamam.com/food-img/fd6/fd6aaa44b3c5198d73858791f3bba43a.jpg
food_br0a85fbkfi0m0bmrbqaobra0dki,"MacKays Preserves Scottish Strawberry With Champagne 12 oz, 6.0 Pk",Packaged foods,Sugar; Strawberries; Champagne; With Marc De Champagne; Gelling Agent; Fruit Pectin; Acidity Regulator; Citric Acid; Produced In A Factory That Processes Eggs And Butter,https://www.edamam.com/food-img/2ac/2acc36d0b42780d55148640724d9b605.jpg
food_ag340v0brxhtd6akwkiz4b72e88e,"Rose & Ivy Salad Dressing Champagne Honey Mustard, 13.0 Oz",Packaged foods,Canola Oil; Champagne; Sugar; Apple Cider Vinegar; Honey; Salt; Onion; Spices,https://www.edamam.com/food-img/313/313f628ecfb4b50123e8edc1577a4c16.jpg
food_adgsmt4agbxqp5ar482niaxprs6k,Tesco Finest Chocolate Truffle & Champagne Profiteroles 140 g,Packaged foods,Stabilised Cream; Pasteurised Free Range Egg; Milk; Wheat Flour; Wheat Flour; Calcium Carbonate; Iron; Niacin; Thiamin; Swiss Milk Chocolate; 7%; Swiss Dark Chocolate; 7%; Sugar; Belgian Milk Chocolate; 5%; Belgian Dark Chocolate; 5%; Partially Inverted Refiners Syrup; Rapeseed Oil; Palm Oil; Pasteurised Free Range Egg Yolk; Champagne; 1%; Evaporated Milk; Butter; Milk; Cocoa Butter; Palm Kernel Oil; Coconut Oil; Dried Whole Milk; Cocoa Mass; Stabilisers; Pectin; Xanthan Gum; Agar; Disodium Diphosphate; Whey Powder; Milk; Fat Reduced Cocoa Powder; Milk Sugar; Emulsifiers; Mono - And Di - Glycerides Of Fatty Acids; Soya Lecithins; Glucose; Flavouring; Dried Glucose Syrup; Dried Skimmed Milk; Concentrated Lemon Juice; Colours; Titanium Dioxide; Iron Oxide; Stabilised Cream Contains; Cream; Milk; Dextrose; Milk Proteins; Stabilisers; Pectin; Sugar; Swiss Milk Chocolate Contains; Sugar; Cocoa Butter; Dried Whole Milk; Cocoa Mass; Milk Sugar; Dried Skimmed Milk; Flavouring; Barley Malt Extract; Emulsifier; Soya Lecithins; Swiss Dark Chocolate Contains; Sugar; Cocoa Mass; Cocoa Butter; Anhydrous Milk Fat; Emulsifier; Soya Lecithins; Flavouring; Belgian Milk Chocolate Contains; Sugar; Dried Whole Milk; Cocoa Butter; Cocoa Mass; Emulsifiers; Soya Lecithins; Flavouring; Belgian Dark Chocolate Contains; Cocoa Mass; Sugar; Emulsifiers; Soya Lecithins; Flavouring,https://www.edamam.com/food-img/80a/80adb4e494c294fbe3ea55df96eefbb6.jpg
food_bo45vu3bx1iy6wbfmuchlarhhf20,Robert Rothschild Farm Champagne Garlic Honey Mustard Pretezel Dip,Packaged foods,SUGAR; MUSTARD SEEDS; VINEGAR; WATER; HONEY; GARLIC; SALT; RASPBERRIES; SPICES; TURMERIC; CHAMPAGNE.,https://www.edamam.com/food-img/cce/ccedcf7eab39db6043fb93b478eb0df6.png
food_akln28tao6bn1jajsgqy7as3njgv,"Paula Deen Vinaigrette Dressing Light, Strawberry Champagne, 9.0 Oz",Packaged foods,Water; Strawberries; Pure Cane Sugar; Maltodextrin; Champagne Vinegar; Champagne; Lemon Juice From Concentrate; Natural Flavor; Xanthan Gum; Ascorbic Acid And Fruit And Vegetable Juice; For Color; Gluten Free; Safety Button Pops Up When Seal Is Broken,https://www.edamam.com/food-img/003/0036c6df60de3a4cbef392754f127eac.jpg
food_ak5oc26bx0lx0tbyzlfezb3z36a6,"Trois Petits Cochons Pate de Champagne , 8.0 Oz",Packaged foods,Pork; Pork Liver; Onions; Salt; Spices; Garlic; Parsley; Aspic; Water; Kosher Gelatin; Cognac; Glucono Delta Lactone; Salt; Concentrated Mushroom Juice; Lemon Powder; Onion Powder; Vinegar; White Pepper; Spices,https://www.edamam.com/food-img/760/7607c30058ef74dc312a05914ecc0b8a.jpg
food_a2ecjdbaulq355b27rwgva2s5mto,"Cuisine Perel Vinegar Strawberry Champagne 6.5 oz, 6.0 Pk",Packaged foods,Champagne Vinegar; Strawberry Juice; White Grape Juice; Cider Vinegar And Natural Flavors; Contains Sulfites,
food_bk0akkobat4arxbx07fknazw9uv5,Cuisine Perel Vinegar Strawberry Champagne 6.5 oz 6 Pk,Packaged foods,Champagne Vinegar; Strawberry Juice; White Grape Juice; Cider Vinegar And Natural Flavors Contains Sulfites,https://www.edamam.com/food-img/632/632995ed504e126609ad43317931cc53.jpg
food_butb0m8b0fru5xa6eyz5wbw2if19,"Anthon Berg Chocolate Covered Marzipan Strawberry in Champagne, 8.0 Ea",Packaged foods,Sugar; Chocolate Liquor; Almonds; Apricot Kernels; Glucose Syrup; Strawberries; Champagne; White Wine; Ethyl Alcohol; Cocoa Butter; Milk Fat; Food Starch - Modified; Artificial Flavor; Rapeseed Lecithin; Citric Acid; Acidifier; Sorbic Acid; Preservative; Minimum 50% Cocoa Solids In The Chocolate; Contains Almonds And Milk; May Contain Traces Of Other Tree Nuts,
food_am5o5fnaezeqscbdl5jdzbt5tner,"Good-o, Champagne Soda, Golden Kola, Golden Kola",Packaged foods,CARBONATED WATER; SUGAR AND/OR HIGH FRUCTOSE CORN SYRUP; ARTIFICIAL FLAVOR; SODIUM BENZOATE (PRESERVATIVE); CITRIC ACID; FD&C YELLOW #6 AND FD&C YELLOW #5 (ARTIFICIAL COLORS),
food_a6f8goib2bms2da0eu8zxa1076w7,"Sathers Champagne Mix Assorted Hard Candy, 6.0 Oz",Packaged foods,Butterscotch Discs; Sugar; Corn Syrup; Salt; Butter; Adds A Trivial Amount Of Fat; Artificial And Natural Flavor; Yellow 5; Red 40; Blue 1; Red 3; Yellow 6; Root Beer Barrels; Sugar; Corn Syrup; Artificial Flavor; Red 40; Yellow 5; Blue 1; Yellow 6; Cinnamon Buttons; Sugar; Corn Syrup; Artificial Flavors; Red 40; Sour Fruit Buttons; Sugar; Corn Syrup Citric Acid; Artificial Flavors; Yellow 5; Yellow 6; Red 40; Blue 1; Starlight Mints; Sugar; Corn Syrup; Oil Of Peppermint; Adds A Trivial Amount Of Fat; Artificial Color; Red 3; Red 40; And Blue 1; Asstd; Sugar; Corn; Syrup; Citric Acid; Artificial And Natural Flavors; Red 3; Red 40; Yellow 5; Yellow 6; And Blue 1,https://www.edamam.com/food-img/dbc/dbc1a7fc29ddfba96b179700b5f9f74f.jpg
food_b4v8jgoa67ux8abo97nw2bno3id0,"Girard's Dressing Light Champagne 12 oz, 6.0 Pk",Packaged foods,Water; Soybean Oil; White Wine; Preserved With Sulfites; White Wine Vinegar; Salt; Sugar; Spices; Including Mustard Seed; Monosodium Glutamate; Garlic*; Onion*; Xanthan Gum; Sodium Benzoate And Potassium Sorbate Added As Preservatives; Molasses; Calcium Disodium Edta Added To Protect Flavor; Vinegar; Corn Syrup; Caramel Color; Chives*; Tamarind; Natural Flavors; *dehydrated,
food_b8415g0ajhvyivby9tyx5bg7jwrs,"Shim\'s Quality Syrup Kola Champagne, 25.5 Oz",Packaged foods,Water; Cane Sugar; Citric Acid; Approved Artificial Fruit Flavors; Fd&c Yellow No; 5; Fd&c Yellow No; 6; 0; 1% Sodium Benzoate; Preservative,https://www.edamam.com/food-img/0ef/0ef63520c703a48ae43320171161888a.jpg
food_a583lzqa53k31ubdpngeobiresyz,Cherchie's - Champagne Cherries Jubilee Dessert Topping 13 Oz,Packaged foods,Cherries; Water; High Fructose Corn Syrup; Corn Syrup; Modified Food Starch; Corn; Sugar; Citric Acid; Artificial Flavor; Red 40 Color Added,https://www.edamam.com/food-img/08d/08d832d30726d16b7b8737d59182c0e9.jpg
food_arawd07akk10onb3l3272bpbzpa4,Yancey's Fancy Aged Cheddar Cheese Finger Lakes Champagne 7.6 Oz,Packaged foods,Aged Cheddar Cheese; Milk; Cultures; Salt; Enzymes; Champagne; Trisodium Citrate; Champagne Flavor,https://www.edamam.com/food-img/2cd/2cd302de75c086abaaa954d8bc35bdc4.jpg
food_ao4weprbyeuxpgbeob8dibt2tflj,Schnucks Select Mustard Honey w/Champagne 8.25 fl Oz,Packaged foods,Water; Mustard Seed; Honey; Distilled Vinegar; Enriched Wheat Flour; Thiamine Mononitrate; Riboflavin; Niacin; Reduced Iron; Folic Acid; White Wine; Contains Sulfites; Sugar; Mustard Flour; Lemon Juice; Salt; Champagne; Contains Sulfites; Garlic; Citric Acid; Xanthan Gum; Spices,https://www.edamam.com/food-img/f68/f6861cda80b0f5e80c990a0b5cd1abde.jpg
food_aagi8tgbsxyzg0ao4s4fbbguu2g8,"Yancey's Fancy, Finger Lakes Pasteurized Process Aged Cheddar Cheese, Champagne",Packaged foods,AGED CHEDDAR CHEESE (MILK; CULTURES; SALT; ENZYMES); CHAMPAGNE; TRISODIUM CITRATE; CHAMPAGNE FLAVOR.,https://www.edamam.com/food-img/ca8/ca867a8d79e235787ff30a7c54bfea7f.jpg
food_b05mddzaqu7bp4b8t14uzb22nbhk,Tesco Finest Truffles Marc de Champagne & Strawberry 140 g,Packaged foods,Milk Chocolate; 42%; White Chocolate; 39%; Glucose Syrup; Evaporated Milk; Invert Sugar Syrup; Marc De Champagne; 2; 5%; Strawberry Powder; Brandy; Icing Sugar; Acidity Regulator; Citric Acid; Preservative; Sorbic Acid; Colour; Titanium Dioxide; Iron Oxide; Milk Chocolate Contains; Sugar; Cocoa Butter; Dried Whole Milk; Cocoa Mass; Flavouring; Milk Chocolate Contains; Cocoa Solids 38% Minimum; Milk Solids 14% Minimum; White Chocolate Contains; Sugar; Cocoa Butter; Dried Whole Milk; Emulsifier; Soya Lecithins; Flavouring,https://www.edamam.com/food-img/4ec/4ec6aecf59796c5961f7a61f52da47eb.jpg
food_b1hp1hkbrfk4e7ayjobd6ayisdpk,"Rose & Ivy Salad Dressing Champagne Celery Seed, 13.0 Oz",Packaged foods,Canola Oil; Apple Cider Vinegar; Wine; Sugar; Mustard; Honey; Onion; Celery Seed; Salt; Spices,https://www.edamam.com/food-img/9a6/9a6e68546ecfe562226e1bff51d0634e.jpg
food_awpd4yia6k5enfagoxck1b7ttll5,Swiss American Inc Crackers Water Ovenbaked Champagne 6.7 Oz,Packaged foods,Enriched Wheat Flour; Wheat Flour; Niacin; Reduced Iron; Thiamin Mononitrate; Riboflavin; And Folic Acid; Interesterified Soybean Oil With Citric Acid And Tbhq Added To Preserve Freshness; Salt; Ammonium Bicarbonate And Sodium Sulfite,
food_bpi7ljha9gq82abuhdwgqaf5nesa,"o Olive Oil Vinegar California, Orange Blossom Champagne, 6.8 Oz",Packaged foods,Aged California Muscat Vinegar; Aged California Champagne Vinegar; Oranges; Essence Of Orange Blossoms; Gluten Free; Acidity 6%; Contains Naturally Occurring Sulfites,
food_anp43ujbec6rllaidz6raaio96cf,"Brut & Rose Flavor Champagne Dreams Gourmet Gummies, Brut & Rose",Packaged foods,ORGANIC TAPIOCA SYRUP; ORGANIC CANE SUGAR; GELATIN; NATURAL FLAVORS; CITRIC ACID; LACTIC ACID; ASCORBIC ACID; ORGANIC SUNFLOWER OIL; COLOR ADDED (ORGANIC BLACK CARROT JUICE CONCENTRATE); CARNAUBA WAX.,
food_aokpgrubdnt1xpa526sm2bpargr2,"Brut & Rose Flavored Champagne Dreams Gourmet Gummies, Brut & Rose",Packaged foods,ORGANIC TAPIOCA SYRUP; ORGANIC CANE SUGAR; WATER; GELATIN; CITRIC ACID; NATURAL FLAVORS; LACTIC ACID; ORGANIC SUNFLOWER OIL; FOR COLOR (ORGANIC BLACK CARROT); ORGANIC CARNAUBA WAX.,
food_asms204bfs9dodb8gjkjzac480cm,Girard\'s Dressing Light Champagne 12 oz 6 Pk,Packaged foods,Water; Soybean Oil; White Wine; Preserved With Sulfites; White Wine Vinegar; Salt; Sugar; Spices; Including Mustard Seed; Monosodium Glutamate; Garlic*; Onion*; Xanthan Gum; Sodium Benzoate And Potassium Sorbate Added As Preservatives; Molasses; Calcium Disodium Edta Added To Protect Flavor; Vinegar; Corn Syrup; Caramel Color; Chives*; Tamarind; Natural Flavors *dehydrated,https://www.edamam.com/food-img/4ca/4cac9192ec06332042b2fe1edf11ca7e.jpg
food_ascgsriagat69fadll87bbb6h4rd,The Silver Palate Champagne Honey Mustard 12 oz Salad Splash 6 Pk,Packaged foods,Expeller Pressed Canola Oil; Water; Champagne Vinegar; Honey; Dijon Mustard; Distilled Vinegar; Water; Mustard Seed; White Wine; Salt; Citric Acid; Spices; Sugar; Yellow Mustard; Salt; Garlic; Black Pepper; Xanthan Gum; Nutmeg; Cloves,https://www.edamam.com/food-img/539/53974714428a80270815e2a9e72f4165.jpg
food_awlrstpa7foqsfaxcocscbh73rij,"Wine Cellar Sorbet All Natural Ice Champagne, California, 16.0 Oz",Packaged foods,White Wine Extract; Sugar; Water; Glucose; Stabilizer; Dextrose; Guar Gum; Carrageenan; Pectin; Sale Of This Product To Individuals Under The Age Of 21 Is Prohibited By Law; This Product Contains Alcohol Used As Flavoring And As With Any Product That Contains Alcohol; 1; Women Should Not Consume Alcohol During Pregnancy Because Of The Risk Of Birth Defects; 2; Consumption Of Alcoholic Beverages Impairs Your Ability To Drive A Car Or Operate Machinery And May Cause Health Problems; Contains Sulfites,https://www.edamam.com/food-img/d98/d980a40d9b03dc1a546249a4f631da39.jpg
food_antyohwb5n8je1anxkv8ub0wq6mx,"The Silver Palate Champagne Honey Mustard 12 oz Salad Splash, 6.0 Pk",Packaged foods,Expeller Pressed Canola Oil; Water; Champagne Vinegar; Honey; Dijon Mustard; Distilled Vinegar; Water; Mustard Seed; White Wine; Salt; Citric Acid; Spices; Sugar; Yellow Mustard; Salt; Garlic; Black Pepper; Xanthan Gum; Nutmeg; Cloves,
food_a4wj2qwaiz7im5azmyd76a2xsnuk,"Swiss American Inc Crackers Water Oven-Baked Champagne, 6.7 Oz",Packaged foods,Enriched Wheat Flour; Wheat Flour; Niacin; Reduced Iron; Thiamin Mononitrate; Riboflavin; And Folic Acid; Interesterified Soybean Oil With Citric Acid And Tbhq Added To Preserve Freshness; Salt; Ammonium Bicarbonate And Sodium Sulfite,
food_bhqbwrpbzzqb7nbk0vkz6axwcax0,"DL Jardines Cayenne Pepper Sauce Texas Champagne, Hot, 3.0 Oz",Packaged foods,Red Peppers; Vinegar; Salt; And Xanthan Gum,https://www.edamam.com/food-img/f90/f906f009e71e6864d217019394fc339a.jpg
food_bl4vqn8aijseyibxxgu8maruy3k9,"Rose & Ivy Dressing Champagne Celery Seed Salad 13 oz, 6.0 Pk",Packaged foods,Canola Oil; Apple Cider Vinegar; Wine; Sugar; Mustard; Honey; Onion; Celery Seed; Salt; Spices,https://www.edamam.com/food-img/097/097262aa6fb6709de212ee578a62255c.jpg
food_ao30qnlak3c72kbfq38z2bamvizz,"Yancey\'s Fancy New York Cheddar Cheese New York Cheddar Cheese, Champagne, 1.0 Lb.",Packaged foods,Champagne Cheddar; Aged Cheddar Cheese; Pasteurized Milk Cultures; Salt; Enzymes; Champagne; Trisodium Citrate; Champagne Flavor,https://www.edamam.com/food-img/3d2/3d21a804a3045277bbb634db2864043d.jpg
food_b1o21ieb0pjz6caghgbbsagkhax0,"Stonewall Kitchen Mustard Stripes Set Maine Maple Champagne Mustard and Roasted Garlic Mustard, 1.0 Ea",Packaged foods,Roasted Garlic Mustard; Mustard; Mustard Seed; Water; Vinegar; Salt; Garlic; Canola Oil; Honey; Salt; Maine Maple Champagne Mustard; Mustard; Mustard Seed; Water; Vinegar; Salt; Honey; Pure Cane Sugar; Maine Maple Syrup; Champagnes; Spices,https://www.edamam.com/food-img/c71/c71464e59ec1677f0c48d965ee0689b2.jpg
food_a8c9leuax6cw8iavxbamfajdsbni,"Stonewall Kitchen Raspberry Peach Collection Raspberry Peach Champagne Jam and Raspberry Peach Tea, 1.0 Ea",Packaged foods,Raspberry Peach Champagne Jam; Fruit; Raspberries; Peaches; Pure Cane Sugar; Champagne; Lemon Juice; Fruit Pectin; Citric Acid; Spices; Raspberry Peach Tea; Fine Black Tea; Natural Peach And Raspberry Flavor,https://www.edamam.com/food-img/eec/eece987e804a8abf447865105417a55c.jpg
food_ayt6f4wb1p9llsa66mbirbc0hq1h,"d.l. Jardine's Hot Sauce Texas Champagne Cayenne Pepper 6 fl oz, 12.0 Pk",Packaged foods,All Natural Ingredients; Red Peppers; Vinegar; Salt And Xanthan Gum,
food_bptfwd0bunwwdlaag0oblbqsjd38,"Stonewall Kitchen Jam Stripes Set Wild Maine Blueberry Jam and Raspberry Peach Champagne Jam, 1.0 Ea",Packaged foods,Wild Maine Blueberry Jam; Wild Maine Blueberries; Pure Cane Sugar; Fruit Pectin; Lemon Juice; Citric Acid; Raspberry Peach Champagne Jam; Fruit; Raspberries; Peaches; Pure Cane Sugar; Champagnes; Lemon Juice; Fruit Pectin; Citric Acid; Spices,https://www.edamam.com/food-img/e67/e6740ff51a508bdbc5fdf3f6bdc96563.jpg
food_afa61adb2qrhv4bl0k5ukb4p5wc2,"Italian Style Chopped Salad Chopped Vegetable Blend, Fontina Cheese, Black Olives, Smoked Turkey Breast, Genoa Salami, and Pepperoncini With a Champagne Vinaigrette, Italian Style",Packaged foods,VEGETABLE BLEND (ESCAROLE; ENDIVE; BROCCOLI; CAULIFLOWER; RADICCHIO; CARROTS; RED CABBAGE; INGREDIENTS MAY VARY BY SEASON); CHAMPAGNE VINAIGRETTE (WATER; SOYBEAN OIL AND/OR CANOLA OIL; CHAMPAGNE WINE; WHITE BALSAMIC VINEGAR [WHITE WINE VINEGAR; CONCENTRATED GRAPE MUST]; SUGAR; SALT; CONTAINS LESS THAN 2% OF: CALCIUM DISODIUM EDTA [TO PROTECT FLAVOR]; CHIVES*; GARLIC*; ONION*; NATURAL FLAVORS; SODIUM BENZOATE [AS A PRESERVATIVE]; SPICES [CONTAINS MUSTARD]; XANTHAN GUM); ITALIAN STYLE FONTINA CHEESE (FONTINA CHEESE [PASTEURIZED MILK; CHEESE CULTURES; SALT; ENZYMES]; POTATO STARCH AND POWDERED CELLULOSE [TO PREVENT CAKING]; NATAMYCIN [MOLD INHIBITOR]); BLACK OLIVES (OLIVES; WATER; SEA SALT; FERROUS GLUCONATE [TO STABILIZE COLOR]); SMOKED TURKEY BREAST (CURED WITH WATER; CONTAINS 2% OR LESS OF: SALT; DEXTROSE; MODIFIED CORNSTARCH; SODIUM LACTATE; SODIUM PHOSPHATE; CARRAGEENAN; NATURAL FLAVORING; SODIUM DIACETATE; NATURAL MESQUITE SMOKE FLAVOR; ASCORBIC ACID; SODIUM NITRITE; CITRIC ACID); GENOA SALAMI (PORK; BEEF; SALT; DEXTROSE; LACTIC ACID STARTER CULTURE; SPICES; SODIUM ASCORBATE; SODIUM NITRITE; GARLIC POWDER; BHA; BHT AND CITRIC ACID [ADDED TO HELP PROTECT FLAVOR]); PEPPERONCINI (PEPPERS; WATER; DISTILLED VINEGAR; SALT; CITRIC ACID; SODIUM BENZOATE AND SODIUM BISULFITE [PRESERVATIVES]).,
food_b430v21bur7lsbat3toobbcd5zx6,"Italiano With Turkey & Salami Salad Chopped Escarole, Endive, Broccoli, Cauliflower, Radicchio, Carrots, Red Cabbage, Fontina Cheese, Black Olives, Smoked Turkey Breast, Genoa Salami, and Pepperoncini With Champagne Vinaigrette Chopped Bowl, Italiano With",Packaged foods,VEGETABLE BLEND (ESCAROLE; ENDIVE; BROCCOLI; CAULIFLOWER; RADICCHIO; CARROTS; RED CABBAGE; INGREDIENTS MAY VARY BY SEASON); CHAMPAGNE VINAIGRETTE (WATER; SOYBEAN OIL AND/OR CANOLA OIL; CHAMPAGNE WINE; WHITE BALSAMIC VINEGAR [WHITE WINE VINEGAR; CONCENTRATED GRAPE MUST]; SUGAR; SALT; CONTAINS 2% OR LESS OF: CALCIUM DISODIUM EDTA [TO PROTECT FLAVOR]; CHIVES*; GARLIC*; ONION*; NATURAL FLAVORS; SODIUM BENZOATE [AS A PRESERVATIVE]; SPICES [CONTAINS MUSTARD]; XANTHAN GUM); ITALIAN STYLE FONTINA CHEESE (FONTINA CHEESE [PASTEURIZED MILK; CHEESE CULTURES; SALT; ENZYMES]; POTATO STARCH AND POWDERED CELLULOSE [TO PREVENT CAKING]; NATAMYCIN [MOLD INHIBITOR]); BLACK OLIVES (OLIVES; WATER; SEA SALT; FERROUS GLUCONATE [TO STABILIZE COLOR]); SMOKED TURKEY BREAST (CURED WITH WATER; CONTAINS 2% OR LESS OF: SALT; DEXTROSE; MODIFIED CORNSTARCH; SODIUM LACTATE; SODIUM PHOSPHATE; CARRAGEENAN; NATURAL FLAVORING; SODIUM DIACETATE; NATURAL MESQUITE SMOKE FLAVOR; ASCORBIC ACID; SODIUM NITRITE; CITRIC ACID); GENOA SALAMI (PORK; BEEF; SALT; DEXTROSE; LACTIC ACID STARTER CULTURE; SPICES; SODIUM ASCORBATE; SODIUM NITRITE; GARLIC POWDER; BHA; BHT AND CITRIC ACID [TO HELP PROTECT FLAVOR]); PEPPERONCINI (PEPPERS; WATER; DISTILLED VINEGAR; SALT; CITRIC ACID; SODIUM BENZOATE AND SODIUM BISULFITE [PRESERVATIVES]).,
